[
    {
        "type": "message",
        "user": "U4BU0EJQ7",
        "text": "soz fam i’m doing the other assignment which is due on Sunday… I’ll come back to sept tmr. Just bug me if there’s any issue. Cheers fam. we can do this",
        "ts": "1491566889.419484"
    },
    {
        "type": "message",
        "user": "U4B7HTH1Q",
        "text": "No worries, we'll freeze the code on Sunday night and check everything before pushing to master",
        "ts": "1491617736.978565"
    },
    {
        "type": "message",
        "user": "U4B7HTH1Q",
        "text": "We can still so minor changes after that, don't worry.",
        "ts": "1491617751.979391"
    }
]