[
    {
        "type": "message",
        "user": "U4BU0EJQ7",
        "text": "Thanks guys, that was a great meeting",
        "ts": "1488629059.996470"
    },
    {
        "type": "message",
        "user": "U4BU0EJQ7",
        "text": "I’ve created a folder in Google Drive and shared to you guys",
        "ts": "1488629078.996773"
    },
    {
        "type": "message",
        "user": "U4BU0EJQ7",
        "text": "Secretary Ervin, pls dump the meeting logs into that drive! Cheers!",
        "ts": "1488629129.997439"
    },
    {
        "type": "message",
        "user": "U4BU0EJQ7",
        "text": ":zzz: Have a good night!",
        "ts": "1488629144.997593"
    },
    {
        "type": "message",
        "user": "U4BBG61A8",
        "text": "Great!! Thanks you too",
        "ts": "1488629274.999793"
    }
]