[
    {
        "type": "message",
        "user": "U4BBG61A8",
        "text": "Whre is my team? Haha just kidding take your time. ",
        "ts": "1488839717.824777"
    },
    {
        "type": "message",
        "user": "U4BU0EJQ7",
        "text": "What you talking about! Do u have a team Paul ",
        "ts": "1488839866.836954"
    },
    {
        "type": "message",
        "user": "U4BBG61A8",
        "text": "I thought i had :pensive:",
        "ts": "1488839904.840005"
    },
    {
        "type": "message",
        "user": "U4B7HTH1Q",
        "text": "Paul, abandoned by his teammates :O",
        "ts": "1488839958.844361"
    }
]