[
    {
        "user": "U4B7HTH1Q",
        "text": "<@U4B7HTH1Q|ervin_s3577844> has joined the channel",
        "type": "message",
        "subtype": "channel_join",
        "ts": "1488243900.061652"
    },
    {
        "user": "U4BU0EJQ7",
        "text": "<@U4BU0EJQ7|grace_s3558319> has joined the channel",
        "type": "message",
        "subtype": "channel_join",
        "ts": "1488244820.098064"
    },
    {
        "type": "message",
        "user": "U4B7HTH1Q",
        "text": "Heya, I din't get the invite to our GitHub project",
        "ts": "1488249373.242117"
    },
    {
        "type": "message",
        "user": "U4B7HTH1Q",
        "text": "Mind sending out the invite again? I'm not seeing the repo in my profile",
        "ts": "1488249386.242467"
    },
    {
        "type": "message",
        "user": "U4BU0EJQ7",
        "text": "Did you receive the email?",
        "ts": "1488249441.243788"
    },
    {
        "type": "message",
        "user": "U4B7HTH1Q",
        "text": "Ah, I had the email moved to another folder by accident.",
        "ts": "1488249649.249609"
    },
    {
        "type": "message",
        "user": "U4B7HTH1Q",
        "text": "Sorry I missed it, all good now. I'm in the repo as one of the contributors.",
        "ts": "1488249673.250223"
    },
    {
        "type": "message",
        "user": "U4BU0EJQ7",
        "text": "No worries ",
        "ts": "1488249692.250912"
    },
    {
        "type": "message",
        "subtype": "file_share",
        "text": "<@U4BU0EJQ7|grace_s3558319> uploaded a file: <https:\/\/sept-copsicus.slack.com\/files\/grace_s3558319\/F4BB8AGJ0\/pasted_image_at_2017_02_28_03_53_pm.png|Week 1 task>",
        "file": {
            "id": "F4BB8AGJ0",
            "created": 1488257605,
            "timestamp": 1488257605,
            "name": "Pasted image at 2017_02_28 03_53 PM.png",
            "title": "Week 1 task",
            "mimetype": "image\/png",
            "filetype": "png",
            "pretty_type": "PNG",
            "user": "U4BU0EJQ7",
            "editable": false,
            "size": 38939,
            "mode": "hosted",
            "is_external": false,
            "external_type": "",
            "is_public": true,
            "public_url_shared": false,
            "display_as_bot": false,
            "username": "",
            "url_private": "https:\/\/files.slack.com\/files-pri\/T4BA4NFCM-F4BB8AGJ0\/pasted_image_at_2017_02_28_03_53_pm.png?t=xoxe-147344763429-166727741332-166011075329-a43af65f36",
            "url_private_download": "https:\/\/files.slack.com\/files-pri\/T4BA4NFCM-F4BB8AGJ0\/download\/pasted_image_at_2017_02_28_03_53_pm.png?t=xoxe-147344763429-166727741332-166011075329-a43af65f36",
            "thumb_64": "https:\/\/files.slack.com\/files-tmb\/T4BA4NFCM-F4BB8AGJ0-3023e4b863\/pasted_image_at_2017_02_28_03_53_pm_64.png?t=xoxe-147344763429-166727741332-166011075329-a43af65f36",
            "thumb_80": "https:\/\/files.slack.com\/files-tmb\/T4BA4NFCM-F4BB8AGJ0-3023e4b863\/pasted_image_at_2017_02_28_03_53_pm_80.png?t=xoxe-147344763429-166727741332-166011075329-a43af65f36",
            "thumb_360": "https:\/\/files.slack.com\/files-tmb\/T4BA4NFCM-F4BB8AGJ0-3023e4b863\/pasted_image_at_2017_02_28_03_53_pm_360.png?t=xoxe-147344763429-166727741332-166011075329-a43af65f36",
            "thumb_360_w": 360,
            "thumb_360_h": 70,
            "thumb_480": "https:\/\/files.slack.com\/files-tmb\/T4BA4NFCM-F4BB8AGJ0-3023e4b863\/pasted_image_at_2017_02_28_03_53_pm_480.png?t=xoxe-147344763429-166727741332-166011075329-a43af65f36",
            "thumb_480_w": 480,
            "thumb_480_h": 93,
            "thumb_160": "https:\/\/files.slack.com\/files-tmb\/T4BA4NFCM-F4BB8AGJ0-3023e4b863\/pasted_image_at_2017_02_28_03_53_pm_160.png?t=xoxe-147344763429-166727741332-166011075329-a43af65f36",
            "image_exif_rotation": 1,
            "original_w": 601,
            "original_h": 117,
            "permalink": "https:\/\/sept-copsicus.slack.com\/files\/grace_s3558319\/F4BB8AGJ0\/pasted_image_at_2017_02_28_03_53_pm.png",
            "permalink_public": "https:\/\/slack-files.com\/T4BA4NFCM-F4BB8AGJ0-c71a5e6aaa",
            "channels": [
                "C4B5HF727"
            ],
            "groups": [],
            "ims": [],
            "comments_count": 0
        },
        "user": "U4BU0EJQ7",
        "upload": true,
        "display_as_bot": false,
        "username": "grace_s3558319",
        "bot_id": null,
        "ts": "1488257607.434865"
    },
    {
        "user": "U4BBG61A8",
        "text": "<@U4BBG61A8|paulo_zebflo> has joined the channel",
        "type": "message",
        "subtype": "channel_join",
        "ts": "1488259991.490785"
    },
    {
        "type": "message",
        "user": "U4B7HTH1Q",
        "text": "<!everyone> I'll be adding a GitHub webhook in the <#C4BUDRMRU|github> channel so we get to monitor changes from within Slack as well.",
        "ts": "1488264740.619602"
    },
    {
        "type": "message",
        "user": "U4BU0EJQ7",
        "text": "Sounds awesome. Thanks Ervin",
        "ts": "1488264799.621111"
    },
    {
        "type": "message",
        "user": "U4BBG61A8",
        "text": "Great man!  ",
        "ts": "1488265061.628388"
    }
]