[
    {
        "type": "message",
        "user": "U4BU0EJQ7",
        "text": "Hmm, though the master role has rotated... just a reminder, don't forget to put your tasks into trello cards and move them around regarding the stage of the tasks",
        "ts": "1491192381.013291"
    },
    {
        "type": "message",
        "user": "U4B7HTH1Q",
        "text": "Are we having a short meeting tonight?",
        "ts": "1491192415.016836"
    },
    {
        "type": "message",
        "user": "U4BU0EJQ7",
        "text": "Anything",
        "ts": "1491192431.018430"
    },
    {
        "type": "message",
        "user": "U4BU0EJQ7",
        "text": "I don't mind",
        "ts": "1491192434.018837"
    },
    {
        "type": "message",
        "user": "U4BU0EJQ7",
        "text": "And I'd fake it to Saturday meeting minute ",
        "ts": "1491192456.021275"
    },
    {
        "type": "message",
        "user": "U4BBG61A8",
        "text": "yep but my schedule guys",
        "ts": "1491192467.022443"
    },
    {
        "type": "message",
        "user": "U4B7HTH1Q",
        "text": "I've implemented a date picker for the customer's dashboard when viewing bookings",
        "ts": "1491192472.023033"
    },
    {
        "type": "message",
        "user": "U4BBG61A8",
        "text": "dont wanna be a bother",
        "ts": "1491192481.023885"
    },
    {
        "type": "message",
        "user": "U4B7HTH1Q",
        "text": "and pushed last week's changes to master",
        "ts": "1491192494.025201"
    },
    {
        "type": "message",
        "user": "U4BBG61A8",
        "text": "6.30 - 11.30 I can't",
        "ts": "1491192510.026974"
    },
    {
        "type": "message",
        "user": "U4BBG61A8",
        "text": "great",
        "ts": "1491192514.027348"
    },
    {
        "type": "message",
        "user": "U4B7HTH1Q",
        "text": "The new implementations on front-end are coming along nicely",
        "ts": "1491192514.027374"
    },
    {
        "type": "message",
        "user": "U4BU0EJQ7",
        "text": "It's due in less than a week btw",
        "ts": "1491192523.028240"
    },
    {
        "type": "message",
        "user": "U4BBG61A8",
        "text": "i've managed to run the tests finally as well",
        "ts": "1491192538.029650"
    },
    {
        "type": "message",
        "user": "U4BU0EJQ7",
        "text": "Sweet",
        "ts": "1491192540.029858"
    },
    {
        "type": "message",
        "user": "U4BU0EJQ7",
        "text": "I'll finish up the backend tonight ",
        "ts": "1491192558.031778"
    },
    {
        "type": "message",
        "user": "U4BBG61A8",
        "text": "i finishing to write them",
        "ts": "1491192559.031908"
    },
    {
        "type": "message",
        "user": "U4BBG61A8",
        "text": "hehe, i think we've just had a quasi-catch up meeting",
        "ts": "1491192776.056265"
    },
    {
        "type": "message",
        "user": "U4BU0EJQ7",
        "text": "Good enough actually haha",
        "ts": "1491192812.060147"
    },
    {
        "type": "message",
        "user": "U4BBG61A8",
        "text": "but guys in order to run the test in your machines you'll need dusk up an",
        "ts": "1491192826.061594"
    },
    {
        "type": "message",
        "user": "U4BBG61A8",
        "text": "running",
        "ts": "1491192834.062500"
    },
    {
        "type": "message",
        "user": "U4BU0EJQ7",
        "text": "Yea I saw the card for that",
        "ts": "1491192845.063728"
    },
    {
        "type": "message",
        "user": "U4BBG61A8",
        "text": "so I'll push the tests later",
        "ts": "1491192858.065216"
    },
    {
        "type": "message",
        "user": "U4BU0EJQ7",
        "text": "But wasn't sure abt 2.register blah",
        "ts": "1491192862.065681"
    },
    {
        "type": "message",
        "user": "U4BBG61A8",
        "text": "yep",
        "ts": "1491192868.066219"
    },
    {
        "type": "message",
        "user": "U4BBG61A8",
        "text": "remember we commentted that inthe code",
        "ts": "1491192880.067520"
    },
    {
        "type": "message",
        "user": "U4B7HTH1Q",
        "text": "we've fixed most of the issues we have",
        "ts": "1491192888.068323"
    },
    {
        "type": "message",
        "user": "U4B7HTH1Q",
        "text": "I checked my local copy before pushing to master",
        "ts": "1491192896.069238"
    },
    {
        "type": "message",
        "user": "U4B7HTH1Q",
        "text": "everything was working fine",
        "ts": "1491192899.069548"
    },
    {
        "type": "message",
        "user": "U4BBG61A8",
        "text": "that's great",
        "ts": "1491192928.072610"
    },
    {
        "type": "message",
        "user": "U4BU0EJQ7",
        "text": "Sounds good",
        "ts": "1491193094.089777"
    },
    {
        "type": "message",
        "user": "U4BBG61A8",
        "text": "btw <@U4B7HTH1Q> I needed a 'name' for the button signup in the signup form. I added in my dev branch not yet pushed.",
        "ts": "1491194048.190689"
    },
    {
        "type": "message",
        "user": "U4B7HTH1Q",
        "text": "Gimme a sec",
        "ts": "1491194082.194278"
    },
    {
        "type": "message",
        "user": "U4B7HTH1Q",
        "text": "I'll check",
        "ts": "1491194084.194526"
    },
    {
        "type": "message",
        "user": "U4B7HTH1Q",
        "text": "Hang on",
        "ts": "1491194136.199936"
    },
    {
        "type": "message",
        "user": "U4B7HTH1Q",
        "text": "I'll push it now, and you pull it later?",
        "ts": "1491194149.201183"
    },
    {
        "type": "message",
        "user": "U4BBG61A8",
        "text": "sounds alrigt",
        "ts": "1491194171.203271"
    },
    {
        "type": "message",
        "user": "U4BBG61A8",
        "text": "i did already",
        "ts": "1491194175.203703"
    },
    {
        "type": "message",
        "user": "U4BBG61A8",
        "text": "but didnt want to create any conflict",
        "ts": "1491194187.205101"
    },
    {
        "type": "message",
        "user": "U4BBG61A8",
        "text": "so didnt push it",
        "ts": "1491194192.205585"
    },
    {
        "type": "message",
        "user": "U4BBG61A8",
        "text": "i thought i better ask first",
        "ts": "1491194219.208194"
    },
    {
        "type": "message",
        "user": "U4BBG61A8",
        "text": "cool man thanks",
        "ts": "1491194246.211024"
    },
    {
        "type": "message",
        "user": "U4B7HTH1Q",
        "text": "Aight, just committed the changes.",
        "ts": "1491194262.212639"
    }
]