[
    {
        "type": "message",
        "user": "U4BU0EJQ7",
        "text": "Hey Ervin! We're being marked next!",
        "ts": "1489444773.673019"
    },
    {
        "type": "message",
        "user": "U4B7HTH1Q",
        "text": "What!",
        "ts": "1489444792.677657"
    },
    {
        "type": "message",
        "user": "U4B7HTH1Q",
        "text": "The train's packed",
        "ts": "1489444800.679602"
    },
    {
        "type": "message",
        "user": "U4B7HTH1Q",
        "text": "I'll be there in 10 mins",
        "ts": "1489444807.681558"
    },
    {
        "type": "message",
        "user": "U4BU0EJQ7",
        "text": "Well",
        "ts": "1489444813.682906"
    },
    {
        "type": "message",
        "user": "U4B7HTH1Q",
        "text": "Can Lawrence mark some other group first?",
        "ts": "1489444848.691700"
    },
    {
        "type": "message",
        "user": "U4BU0EJQ7",
        "text": "We'll try",
        "ts": "1489444851.692379"
    },
    {
        "type": "message",
        "user": "U4B7HTH1Q",
        "text": "You have all the necessary files",
        "ts": "1489444876.698127"
    },
    {
        "type": "message",
        "user": "U4B7HTH1Q",
        "text": "I pushed everything to GitHub last night",
        "ts": "1489444894.702729"
    },
    {
        "type": "message",
        "user": "U4B7HTH1Q",
        "text": "They're not on master though",
        "ts": "1489444908.706081"
    },
    {
        "type": "message",
        "user": "U4BU0EJQ7",
        "text": "That's alright",
        "ts": "1489444917.708409"
    },
    {
        "type": "message",
        "user": "U4B7HTH1Q",
        "text": "And I merged Paul's PR this morning",
        "ts": "1489444922.709631"
    },
    {
        "type": "message",
        "user": "U4BBG61A8",
        "text": "Sorry!",
        "ts": "1489444938.713485"
    },
    {
        "type": "message",
        "user": "U4BU0EJQ7",
        "text": "I think we will ask Lawrence to mark other groups 1st",
        "ts": "1489444943.714759"
    },
    {
        "type": "message",
        "user": "U4BBG61A8",
        "text": "Yep cause There's individual 1\/2 mark at stake ",
        "ts": "1489444977.723222"
    }
]