[
    {
        "type": "message",
        "user": "U4BU0EJQ7",
        "text": "Hmm, I’ve just sent an email as requested in the specs",
        "ts": "1488270865.839754"
    },
    {
        "type": "message",
        "user": "U4BU0EJQ7",
        "text": "Are we meeting up before next tute to sort out roles and plan&amp;distribute tasks?",
        "ts": "1488270951.843998"
    },
    {
        "type": "message",
        "user": "U4BU0EJQ7",
        "text": "Also, what kind of meeting docs are needed?",
        "ts": "1488270983.845280"
    },
    {
        "type": "message",
        "user": "U4BU0EJQ7",
        "text": "Probably gotta read a lot more about SCRUM, test-driven programming and php",
        "ts": "1488271042.847607"
    },
    {
        "type": "message",
        "user": "U4BBG61A8",
        "text": "Not sure, i'll read as well. Probably minutes for every meeting.",
        "ts": "1488271442.864029"
    },
    {
        "type": "message",
        "user": "U4B7HTH1Q",
        "text": "<@U4BU0EJQ7> Looks like only the repo owner can link webhooks to Slack.",
        "ts": "1488286949.608518"
    },
    {
        "type": "message",
        "user": "U4BU0EJQ7",
        "text": "Hmmm",
        "ts": "1488287067.615601"
    },
    {
        "type": "message",
        "user": "U4BU0EJQ7",
        "text": "Let me check if there is a way to make u admin or something",
        "ts": "1488287159.620224"
    },
    {
        "type": "message",
        "user": "U4BU0EJQ7",
        "text": "Oh I see, I guess I kinda know what's going on",
        "ts": "1488287283.627060"
    },
    {
        "type": "message",
        "user": "U4BU0EJQ7",
        "text": "Since we don't have anything atm, what about you create another git repo? If you can create private git repo also <@U4B7HTH1Q> ",
        "ts": "1488287340.629966"
    },
    {
        "type": "message",
        "user": "U4B7HTH1Q",
        "text": "alright, I'll add you guys in the new repo",
        "ts": "1488287618.643799"
    },
    {
        "type": "message",
        "user": "U4B7HTH1Q",
        "text": "Invitations to the new repo have been sent out last night, I think Paulo's already in.",
        "ts": "1488325567.364478"
    },
    {
        "type": "message",
        "user": "U4B7HTH1Q",
        "text": "Anyway, the webhook for our <#C4BUDRMRU|github> channel is done so we'll be getting messages whenever commits are being made",
        "ts": "1488325631.369180"
    },
    {
        "type": "message",
        "user": "U4BU0EJQ7",
        "text": "Thanks Ervin! I’ve just accepted the invitation and now I’m in",
        "ts": "1488326912.462908"
    },
    {
        "type": "message",
        "user": "U4B7HTH1Q",
        "text": "Cool cool :slightly_smiling_face:",
        "ts": "1488326921.463490"
    },
    {
        "type": "message",
        "user": "U4BU0EJQ7",
        "text": "Oh wow that’s really cool! Great work Ervin!",
        "ts": "1488327445.496123"
    },
    {
        "type": "message",
        "user": "U4BU0EJQ7",
        "text": "Gotta work now, will play around with it later haha",
        "ts": "1488327468.497331"
    },
    {
        "type": "message",
        "user": "U4BBG61A8",
        "text": " Since we're integrating tools waht about trello+slack",
        "ts": "1488332821.778265"
    },
    {
        "type": "message",
        "user": "U4BBG61A8",
        "text": "?",
        "ts": "1488332828.778517"
    },
    {
        "type": "message",
        "user": "U4B7HTH1Q",
        "text": "Great idea",
        "ts": "1488332900.782330"
    },
    {
        "type": "message",
        "user": "U4B7HTH1Q",
        "text": "There we go, just added a Trello bot",
        "ts": "1488332910.782807"
    },
    {
        "type": "message",
        "user": "U4BBG61A8",
        "text": "Haha ! Sorry my bad!",
        "ts": "1488332931.783759"
    },
    {
        "type": "message",
        "user": "U4B7HTH1Q",
        "text": "No worries man",
        "ts": "1488332971.785411"
    }
]