[
    {
        "type": "message",
        "user": "U4BU0EJQ7",
        "text": "<@U4B7HTH1Q> just in case you ain’t aware, I’ve added a few cards in Trello for you",
        "ts": "1490610923.950819"
    },
    {
        "type": "message",
        "user": "U4B7HTH1Q",
        "text": "That's for next week's implementation yeah?",
        "ts": "1490610945.956015"
    },
    {
        "type": "message",
        "user": "U4BU0EJQ7",
        "text": "nope",
        "ts": "1490610951.957189"
    },
    {
        "type": "message",
        "user": "U4B7HTH1Q",
        "text": "You referring to the card with View available slots?",
        "ts": "1490610992.966678"
    },
    {
        "type": "message",
        "subtype": "file_share",
        "text": "<@U4BU0EJQ7|grace_s3558319> uploaded a file: <https:\/\/sept-copsicus.slack.com\/files\/grace_s3558319\/F4Q55LPEH\/pasted_image_at_2017_03_27_09_36_pm.png|Pasted image at 2017-03-27, 9:36 PM>",
        "file": {
            "id": "F4Q55LPEH",
            "created": 1490610995,
            "timestamp": 1490610995,
            "name": "Pasted image at 2017_03_27 09_36 PM.png",
            "title": "Pasted image at 2017-03-27, 9:36 PM",
            "mimetype": "image\/png",
            "filetype": "png",
            "pretty_type": "PNG",
            "user": "U4BU0EJQ7",
            "editable": false,
            "size": 17264,
            "mode": "hosted",
            "is_external": false,
            "external_type": "",
            "is_public": true,
            "public_url_shared": false,
            "display_as_bot": false,
            "username": "",
            "url_private": "https:\/\/files.slack.com\/files-pri\/T4BA4NFCM-F4Q55LPEH\/pasted_image_at_2017_03_27_09_36_pm.png?t=xoxe-147344763429-166727741332-166011075329-a43af65f36",
            "url_private_download": "https:\/\/files.slack.com\/files-pri\/T4BA4NFCM-F4Q55LPEH\/download\/pasted_image_at_2017_03_27_09_36_pm.png?t=xoxe-147344763429-166727741332-166011075329-a43af65f36",
            "thumb_64": "https:\/\/files.slack.com\/files-tmb\/T4BA4NFCM-F4Q55LPEH-9495fa6010\/pasted_image_at_2017_03_27_09_36_pm_64.png?t=xoxe-147344763429-166727741332-166011075329-a43af65f36",
            "thumb_80": "https:\/\/files.slack.com\/files-tmb\/T4BA4NFCM-F4Q55LPEH-9495fa6010\/pasted_image_at_2017_03_27_09_36_pm_80.png?t=xoxe-147344763429-166727741332-166011075329-a43af65f36",
            "thumb_360": "https:\/\/files.slack.com\/files-tmb\/T4BA4NFCM-F4Q55LPEH-9495fa6010\/pasted_image_at_2017_03_27_09_36_pm_360.png?t=xoxe-147344763429-166727741332-166011075329-a43af65f36",
            "thumb_360_w": 360,
            "thumb_360_h": 77,
            "thumb_480": "https:\/\/files.slack.com\/files-tmb\/T4BA4NFCM-F4Q55LPEH-9495fa6010\/pasted_image_at_2017_03_27_09_36_pm_480.png?t=xoxe-147344763429-166727741332-166011075329-a43af65f36",
            "thumb_480_w": 480,
            "thumb_480_h": 102,
            "thumb_160": "https:\/\/files.slack.com\/files-tmb\/T4BA4NFCM-F4Q55LPEH-9495fa6010\/pasted_image_at_2017_03_27_09_36_pm_160.png?t=xoxe-147344763429-166727741332-166011075329-a43af65f36",
            "image_exif_rotation": 1,
            "original_w": 516,
            "original_h": 110,
            "permalink": "https:\/\/sept-copsicus.slack.com\/files\/grace_s3558319\/F4Q55LPEH\/pasted_image_at_2017_03_27_09_36_pm.png",
            "permalink_public": "https:\/\/slack-files.com\/T4BA4NFCM-F4Q55LPEH-39df1c2f9a",
            "channels": [
                "C4B5HF727"
            ],
            "groups": [],
            "ims": [],
            "comments_count": 0
        },
        "user": "U4BU0EJQ7",
        "upload": true,
        "display_as_bot": false,
        "username": "grace_s3558319",
        "bot_id": null,
        "ts": "1490610997.967888"
    },
    {
        "type": "message",
        "user": "U4BU0EJQ7",
        "text": "Well, yes",
        "ts": "1490611025.974288"
    },
    {
        "type": "message",
        "user": "U4BU0EJQ7",
        "text": "I mean, I don’t really get where you were stuck at for the dashboards?",
        "ts": "1490611064.983633"
    },
    {
        "type": "message",
        "user": "U4B7HTH1Q",
        "text": "I needed some data to populate the front end",
        "ts": "1490611116.995712"
    },
    {
        "type": "message",
        "user": "U4BU0EJQ7",
        "text": "Couldn’t the interfaces be designed before having the data?",
        "ts": "1490611117.996066"
    },
    {
        "type": "message",
        "user": "U4BU0EJQ7",
        "text": "right",
        "ts": "1490611125.997903"
    },
    {
        "type": "message",
        "user": "U4B7HTH1Q",
        "text": "No",
        "ts": "1490611145.002699"
    },
    {
        "type": "message",
        "user": "U4B7HTH1Q",
        "text": "If you hardcode it then yes",
        "ts": "1490611158.005523"
    },
    {
        "type": "message",
        "user": "U4BU0EJQ7",
        "text": "yes",
        "ts": "1490611167.007732"
    },
    {
        "type": "message",
        "user": "U4BU0EJQ7",
        "text": "then we can change it later on when the data is available",
        "ts": "1490611186.012170"
    },
    {
        "type": "message",
        "user": "U4BU0EJQ7",
        "text": "I mean, I can’t promise to build the backend so quick that everything would be ready when u wanna design the frontend",
        "ts": "1490611277.033234"
    },
    {
        "type": "message",
        "user": "U4B7HTH1Q",
        "text": "I see",
        "ts": "1490611301.038852"
    },
    {
        "type": "message",
        "user": "U4BU0EJQ7",
        "text": "So I just think",
        "ts": "1490611305.039831"
    },
    {
        "type": "message",
        "user": "U4B7HTH1Q",
        "text": "I can do it with placeholder data",
        "ts": "1490611313.041859"
    },
    {
        "type": "message",
        "user": "U4BU0EJQ7",
        "text": "it’d be easier if you can hardcode something 1st and then when the backend is also ready, we can easily build the bridge and everything would be functioning",
        "ts": "1490611347.049330"
    },
    {
        "type": "message",
        "user": "U4BU0EJQ7",
        "text": "coz it’s due in 14 days",
        "ts": "1490611374.055611"
    },
    {
        "type": "message",
        "user": "U4BU0EJQ7",
        "text": "there isn’t much time left tbh",
        "ts": "1490611383.057755"
    },
    {
        "type": "message",
        "user": "U4BU0EJQ7",
        "text": "and like i said, we all have other assignments",
        "ts": "1490611398.061115"
    },
    {
        "type": "message",
        "user": "U4BU0EJQ7",
        "text": "So we can’t have tasks that’s blocked and we just leave it as it is",
        "ts": "1490611436.069885"
    },
    {
        "type": "message",
        "user": "U4BU0EJQ7",
        "text": "tbh, if we’re doing TDD, I shouldn’t have written any function coz the tests ain’t ready",
        "ts": "1490611468.077055"
    },
    {
        "type": "message",
        "user": "U4B7HTH1Q",
        "text": "does Lawrence still think we're doing TDD?",
        "ts": "1490611484.080748"
    },
    {
        "type": "message",
        "user": "U4BU0EJQ7",
        "text": "I guess u get what i mean",
        "ts": "1490611488.081707"
    },
    {
        "type": "message",
        "user": "U4BU0EJQ7",
        "text": "i’m not sure",
        "ts": "1490611491.082445"
    },
    {
        "type": "message",
        "user": "U4B7HTH1Q",
        "text": "we seem to be doing a pretty good job at tricking him into thinking we are",
        "ts": "1490611509.086707"
    },
    {
        "type": "message",
        "user": "U4BU0EJQ7",
        "text": "hahahaha",
        "ts": "1490611515.088035"
    },
    {
        "type": "message",
        "user": "U4BU0EJQ7",
        "text": "that’s good",
        "ts": "1490611520.089350"
    },
    {
        "type": "message",
        "user": "U4BU0EJQ7",
        "text": "at least we might be able to secure the bonus marks lol",
        "ts": "1490611534.092909"
    },
    {
        "type": "message",
        "user": "U4BU0EJQ7",
        "text": "but yea Ervin",
        "ts": "1490611552.097072"
    },
    {
        "type": "message",
        "user": "U4BU0EJQ7",
        "text": "so pls do the frontend regardless",
        "ts": "1490611566.100256"
    },
    {
        "type": "message",
        "user": "U4B7HTH1Q",
        "text": "sure",
        "ts": "1490611575.102210"
    },
    {
        "type": "message",
        "user": "U4BU0EJQ7",
        "text": "and we’d change it accordingly",
        "ts": "1490611582.104189"
    },
    {
        "type": "message",
        "user": "U4BU0EJQ7",
        "text": "which i hope it’s easier and quicker than coming up with the entire thing",
        "ts": "1490611600.108503"
    },
    {
        "type": "message",
        "user": "U4BU0EJQ7",
        "text": "Go team !!! :stuck_out_tongue_closed_eyes:",
        "ts": "1490611784.151477"
    },
    {
        "type": "message",
        "user": "U4BU0EJQ7",
        "text": ":expressionless: I’m so stressed out lol",
        "ts": "1490611793.153539"
    },
    {
        "type": "message",
        "user": "U4BU0EJQ7",
        "text": "I gotta start my c# tmr!!! that’s a must lol",
        "ts": "1490611808.156935"
    },
    {
        "type": "message",
        "user": "U4BU0EJQ7",
        "text": "otherwise i’m gonna die",
        "ts": "1490611814.158143"
    },
    {
        "type": "message",
        "user": "U4B7HTH1Q",
        "text": "when are we gonna plan our scrum meeting tomorrow",
        "ts": "1490611832.162482"
    },
    {
        "type": "message",
        "user": "U4B7HTH1Q",
        "text": "when paulo gets back?",
        "ts": "1490611844.165290"
    },
    {
        "type": "message",
        "user": "U4BU0EJQ7",
        "text": "maybe",
        "ts": "1490611847.166145"
    },
    {
        "type": "message",
        "user": "U4BU0EJQ7",
        "text": "or we can do without him hahaha",
        "ts": "1490611853.167557"
    },
    {
        "type": "message",
        "user": "U4B7HTH1Q",
        "text": "that's like after 11:30 yeah?",
        "ts": "1490611855.167930"
    },
    {
        "type": "message",
        "user": "U4BU0EJQ7",
        "text": "Do you have any idea what is needed in a scrum meeting?",
        "ts": "1490611877.173415"
    },
    {
        "type": "message",
        "user": "U4B7HTH1Q",
        "text": "Ask and answer these questions",
        "ts": "1490611958.191958"
    },
    {
        "type": "message",
        "user": "U4B7HTH1Q",
        "text": "What did I do yesterday that helped the development team meet the sprint goal?\nWhat will I do today to help the development team meet the sprint goal?\nDo I see any impediment that prevents me or the development team from meeting the sprint goal?",
        "ts": "1490611965.193547"
    },
    {
        "type": "message",
        "user": "U4BU0EJQ7",
        "text": "that’s it?",
        "ts": "1490611990.199064"
    },
    {
        "type": "message",
        "user": "U4B7HTH1Q",
        "text": "yep",
        "ts": "1490611993.199767"
    },
    {
        "type": "message",
        "user": "U4BU0EJQ7",
        "text": "lol",
        "ts": "1490611997.200924"
    },
    {
        "type": "message",
        "user": "U4B7HTH1Q",
        "text": "stand ups are meant to be REALLY SIMPLE",
        "ts": "1490612002.202029"
    },
    {
        "type": "message",
        "user": "U4B7HTH1Q",
        "text": "they're not supposed to take more than 10 mins",
        "ts": "1490612011.204095"
    },
    {
        "type": "message",
        "user": "U4B7HTH1Q",
        "text": "since we're such a small team I reckon it could be done in 5 mins",
        "ts": "1490612021.206620"
    },
    {
        "type": "message",
        "user": "U4BU0EJQ7",
        "text": "yea exactly",
        "ts": "1490612021.206688"
    },
    {
        "type": "message",
        "user": "U4BU0EJQ7",
        "text": "what do we need to plan then?",
        "ts": "1490612063.216274"
    },
    {
        "type": "message",
        "user": "U4B7HTH1Q",
        "text": "just think about your personal contributions",
        "ts": "1490612075.219089"
    },
    {
        "type": "message",
        "user": "U4B7HTH1Q",
        "text": "and how you can help with next week's sprint\/development",
        "ts": "1490612089.222308"
    },
    {
        "type": "message",
        "user": "U4BU0EJQ7",
        "text": "yea i guess we just tell of the truth",
        "ts": "1490612091.222760"
    },
    {
        "type": "message",
        "user": "U4BU0EJQ7",
        "text": "should be good enough",
        "ts": "1490612094.223608"
    },
    {
        "type": "message",
        "user": "U4B7HTH1Q",
        "text": "yeah",
        "ts": "1490612107.226726"
    },
    {
        "type": "message",
        "user": "U4BU0EJQ7",
        "text": "hahaha",
        "ts": "1490612111.227543"
    },
    {
        "type": "message",
        "user": "U4BU0EJQ7",
        "text": "done",
        "ts": "1490612112.227747"
    },
    {
        "type": "message",
        "user": "U4BU0EJQ7",
        "text": "not waiting for paul",
        "ts": "1490612120.229777"
    },
    {
        "type": "message",
        "user": "U4BU0EJQ7",
        "text": ":upside_down_face:",
        "ts": "1490612130.232130"
    },
    {
        "type": "message",
        "user": "U4BU0EJQ7",
        "text": "oh btw",
        "ts": "1490612143.235043"
    },
    {
        "type": "message",
        "user": "U4BU0EJQ7",
        "text": "maybe after tmr we should rotate the scrum master",
        "ts": "1490612156.238392"
    },
    {
        "type": "message",
        "user": "U4BU0EJQ7",
        "text": "it’d be either u or paul",
        "ts": "1490612164.240212"
    },
    {
        "type": "message",
        "user": "U4BU0EJQ7",
        "text": "but we’d decide after tmr’s meeting",
        "ts": "1490612181.244520"
    },
    {
        "type": "message",
        "user": "U4B7HTH1Q",
        "text": "yep",
        "ts": "1490612251.261080"
    },
    {
        "type": "message",
        "user": "U4BU0EJQ7",
        "text": "awesome, get back to work",
        "ts": "1490612265.264363"
    },
    {
        "type": "message",
        "subtype": "file_share",
        "text": "<@U4BU0EJQ7|grace_s3558319> uploaded a file: <https:\/\/sept-copsicus.slack.com\/files\/grace_s3558319\/F4PCGT1PT\/pasted_image_at_2017_03_27_10_20_pm.png|Pasted image at 2017-03-27, 10:20 PM>",
        "file": {
            "id": "F4PCGT1PT",
            "created": 1490613606,
            "timestamp": 1490613606,
            "name": "Pasted image at 2017_03_27 10_20 PM.png",
            "title": "Pasted image at 2017-03-27, 10:20 PM",
            "mimetype": "image\/png",
            "filetype": "png",
            "pretty_type": "PNG",
            "user": "U4BU0EJQ7",
            "editable": false,
            "size": 36939,
            "mode": "hosted",
            "is_external": false,
            "external_type": "",
            "is_public": true,
            "public_url_shared": false,
            "display_as_bot": false,
            "username": "",
            "url_private": "https:\/\/files.slack.com\/files-pri\/T4BA4NFCM-F4PCGT1PT\/pasted_image_at_2017_03_27_10_20_pm.png?t=xoxe-147344763429-166727741332-166011075329-a43af65f36",
            "url_private_download": "https:\/\/files.slack.com\/files-pri\/T4BA4NFCM-F4PCGT1PT\/download\/pasted_image_at_2017_03_27_10_20_pm.png?t=xoxe-147344763429-166727741332-166011075329-a43af65f36",
            "thumb_64": "https:\/\/files.slack.com\/files-tmb\/T4BA4NFCM-F4PCGT1PT-58f2f6f014\/pasted_image_at_2017_03_27_10_20_pm_64.png?t=xoxe-147344763429-166727741332-166011075329-a43af65f36",
            "thumb_80": "https:\/\/files.slack.com\/files-tmb\/T4BA4NFCM-F4PCGT1PT-58f2f6f014\/pasted_image_at_2017_03_27_10_20_pm_80.png?t=xoxe-147344763429-166727741332-166011075329-a43af65f36",
            "thumb_360": "https:\/\/files.slack.com\/files-tmb\/T4BA4NFCM-F4PCGT1PT-58f2f6f014\/pasted_image_at_2017_03_27_10_20_pm_360.png?t=xoxe-147344763429-166727741332-166011075329-a43af65f36",
            "thumb_360_w": 360,
            "thumb_360_h": 93,
            "thumb_480": "https:\/\/files.slack.com\/files-tmb\/T4BA4NFCM-F4PCGT1PT-58f2f6f014\/pasted_image_at_2017_03_27_10_20_pm_480.png?t=xoxe-147344763429-166727741332-166011075329-a43af65f36",
            "thumb_480_w": 480,
            "thumb_480_h": 124,
            "thumb_160": "https:\/\/files.slack.com\/files-tmb\/T4BA4NFCM-F4PCGT1PT-58f2f6f014\/pasted_image_at_2017_03_27_10_20_pm_160.png?t=xoxe-147344763429-166727741332-166011075329-a43af65f36",
            "image_exif_rotation": 1,
            "original_w": 706,
            "original_h": 183,
            "permalink": "https:\/\/sept-copsicus.slack.com\/files\/grace_s3558319\/F4PCGT1PT\/pasted_image_at_2017_03_27_10_20_pm.png",
            "permalink_public": "https:\/\/slack-files.com\/T4BA4NFCM-F4PCGT1PT-c9601b9fd5",
            "channels": [
                "C4B5HF727"
            ],
            "groups": [],
            "ims": [],
            "comments_count": 0
        },
        "user": "U4BU0EJQ7",
        "upload": true,
        "display_as_bot": false,
        "username": "grace_s3558319",
        "bot_id": null,
        "ts": "1490613607.575245"
    },
    {
        "type": "message",
        "user": "U4BU0EJQ7",
        "text": ":stuck_out_tongue_closed_eyes:",
        "ts": "1490613608.575367"
    },
    {
        "type": "message",
        "subtype": "file_share",
        "text": "<@U4BU0EJQ7|grace_s3558319> uploaded a file: <https:\/\/sept-copsicus.slack.com\/files\/grace_s3558319\/F4QP1JZHC\/pasted_image_at_2017_03_27_10_21_pm.png|Pasted image at 2017-03-27, 10:21 PM>",
        "file": {
            "id": "F4QP1JZHC",
            "created": 1490613715,
            "timestamp": 1490613715,
            "name": "Pasted image at 2017_03_27 10_21 PM.png",
            "title": "Pasted image at 2017-03-27, 10:21 PM",
            "mimetype": "image\/png",
            "filetype": "png",
            "pretty_type": "PNG",
            "user": "U4BU0EJQ7",
            "editable": false,
            "size": 7884,
            "mode": "hosted",
            "is_external": false,
            "external_type": "",
            "is_public": true,
            "public_url_shared": false,
            "display_as_bot": false,
            "username": "",
            "url_private": "https:\/\/files.slack.com\/files-pri\/T4BA4NFCM-F4QP1JZHC\/pasted_image_at_2017_03_27_10_21_pm.png?t=xoxe-147344763429-166727741332-166011075329-a43af65f36",
            "url_private_download": "https:\/\/files.slack.com\/files-pri\/T4BA4NFCM-F4QP1JZHC\/download\/pasted_image_at_2017_03_27_10_21_pm.png?t=xoxe-147344763429-166727741332-166011075329-a43af65f36",
            "thumb_64": "https:\/\/files.slack.com\/files-tmb\/T4BA4NFCM-F4QP1JZHC-50e6c48246\/pasted_image_at_2017_03_27_10_21_pm_64.png?t=xoxe-147344763429-166727741332-166011075329-a43af65f36",
            "thumb_80": "https:\/\/files.slack.com\/files-tmb\/T4BA4NFCM-F4QP1JZHC-50e6c48246\/pasted_image_at_2017_03_27_10_21_pm_80.png?t=xoxe-147344763429-166727741332-166011075329-a43af65f36",
            "thumb_360": "https:\/\/files.slack.com\/files-tmb\/T4BA4NFCM-F4QP1JZHC-50e6c48246\/pasted_image_at_2017_03_27_10_21_pm_360.png?t=xoxe-147344763429-166727741332-166011075329-a43af65f36",
            "thumb_360_w": 243,
            "thumb_360_h": 126,
            "thumb_160": "https:\/\/files.slack.com\/files-tmb\/T4BA4NFCM-F4QP1JZHC-50e6c48246\/pasted_image_at_2017_03_27_10_21_pm_160.png?t=xoxe-147344763429-166727741332-166011075329-a43af65f36",
            "image_exif_rotation": 1,
            "original_w": 243,
            "original_h": 126,
            "permalink": "https:\/\/sept-copsicus.slack.com\/files\/grace_s3558319\/F4QP1JZHC\/pasted_image_at_2017_03_27_10_21_pm.png",
            "permalink_public": "https:\/\/slack-files.com\/T4BA4NFCM-F4QP1JZHC-dbc740273f",
            "channels": [
                "C4B5HF727"
            ],
            "groups": [],
            "ims": [],
            "comments_count": 0
        },
        "user": "U4BU0EJQ7",
        "upload": true,
        "display_as_bot": false,
        "username": "grace_s3558319",
        "bot_id": null,
        "ts": "1490613716.600037"
    },
    {
        "type": "message",
        "user": "U4BU0EJQ7",
        "text": "That’s your username for both business owner and customer",
        "ts": "1490613730.602985"
    },
    {
        "type": "message",
        "user": "U4BU0EJQ7",
        "text": "and password is ‘secret'",
        "ts": "1490613737.604699"
    },
    {
        "type": "message",
        "user": "U4BBG61A8",
        "text": "Hey guys.. just caught up with all said",
        "ts": "1490618719.857430"
    },
    {
        "type": "message",
        "user": "U4BBG61A8",
        "text": "I'll try my best to have sth ready by tmw",
        "ts": "1490618733.861775"
    },
    {
        "type": "message",
        "user": "U4BBG61A8",
        "text": "So we actually say is TDD",
        "ts": "1490618760.869942"
    },
    {
        "type": "message",
        "user": "U4BBG61A8",
        "text": "I've got some issues",
        "ts": "1490618769.872332"
    },
    {
        "type": "message",
        "user": "U4BU0EJQ7",
        "text": "yea",
        "ts": "1490618769.872435"
    },
    {
        "type": "message",
        "user": "U4BBG61A8",
        "text": "That i will explain you tmw",
        "ts": "1490618776.874557"
    },
    {
        "type": "message",
        "user": "U4BU0EJQ7",
        "text": "i’ve mocked up another meeting minute in drive",
        "ts": "1490618790.878860"
    },
    {
        "type": "message",
        "user": "U4BBG61A8",
        "text": "Cool ",
        "ts": "1490618801.882430"
    },
    {
        "type": "message",
        "user": "U4BBG61A8",
        "text": "I'll check it up",
        "ts": "1490618806.883908"
    },
    {
        "type": "message",
        "subtype": "file_share",
        "text": "<@U4BU0EJQ7|grace_s3558319> uploaded a file: <https:\/\/sept-copsicus.slack.com\/files\/grace_s3558319\/F4Q53SS2Y\/pasted_image_at_2017_03_27_11_46_pm.png|Pasted image at 2017-03-27, 11:46 PM>",
        "file": {
            "id": "F4Q53SS2Y",
            "created": 1490618815,
            "timestamp": 1490618815,
            "name": "Pasted image at 2017_03_27 11_46 PM.png",
            "title": "Pasted image at 2017-03-27, 11:46 PM",
            "mimetype": "image\/png",
            "filetype": "png",
            "pretty_type": "PNG",
            "user": "U4BU0EJQ7",
            "editable": false,
            "size": 55159,
            "mode": "hosted",
            "is_external": false,
            "external_type": "",
            "is_public": true,
            "public_url_shared": false,
            "display_as_bot": false,
            "username": "",
            "url_private": "https:\/\/files.slack.com\/files-pri\/T4BA4NFCM-F4Q53SS2Y\/pasted_image_at_2017_03_27_11_46_pm.png?t=xoxe-147344763429-166727741332-166011075329-a43af65f36",
            "url_private_download": "https:\/\/files.slack.com\/files-pri\/T4BA4NFCM-F4Q53SS2Y\/download\/pasted_image_at_2017_03_27_11_46_pm.png?t=xoxe-147344763429-166727741332-166011075329-a43af65f36",
            "thumb_64": "https:\/\/files.slack.com\/files-tmb\/T4BA4NFCM-F4Q53SS2Y-17bc678f0f\/pasted_image_at_2017_03_27_11_46_pm_64.png?t=xoxe-147344763429-166727741332-166011075329-a43af65f36",
            "thumb_80": "https:\/\/files.slack.com\/files-tmb\/T4BA4NFCM-F4Q53SS2Y-17bc678f0f\/pasted_image_at_2017_03_27_11_46_pm_80.png?t=xoxe-147344763429-166727741332-166011075329-a43af65f36",
            "thumb_360": "https:\/\/files.slack.com\/files-tmb\/T4BA4NFCM-F4Q53SS2Y-17bc678f0f\/pasted_image_at_2017_03_27_11_46_pm_360.png?t=xoxe-147344763429-166727741332-166011075329-a43af65f36",
            "thumb_360_w": 360,
            "thumb_360_h": 149,
            "thumb_480": "https:\/\/files.slack.com\/files-tmb\/T4BA4NFCM-F4Q53SS2Y-17bc678f0f\/pasted_image_at_2017_03_27_11_46_pm_480.png?t=xoxe-147344763429-166727741332-166011075329-a43af65f36",
            "thumb_480_w": 480,
            "thumb_480_h": 199,
            "thumb_160": "https:\/\/files.slack.com\/files-tmb\/T4BA4NFCM-F4Q53SS2Y-17bc678f0f\/pasted_image_at_2017_03_27_11_46_pm_160.png?t=xoxe-147344763429-166727741332-166011075329-a43af65f36",
            "thumb_720": "https:\/\/files.slack.com\/files-tmb\/T4BA4NFCM-F4Q53SS2Y-17bc678f0f\/pasted_image_at_2017_03_27_11_46_pm_720.png?t=xoxe-147344763429-166727741332-166011075329-a43af65f36",
            "thumb_720_w": 720,
            "thumb_720_h": 298,
            "image_exif_rotation": 1,
            "original_w": 741,
            "original_h": 307,
            "permalink": "https:\/\/sept-copsicus.slack.com\/files\/grace_s3558319\/F4Q53SS2Y\/pasted_image_at_2017_03_27_11_46_pm.png",
            "permalink_public": "https:\/\/slack-files.com\/T4BA4NFCM-F4Q53SS2Y-a173f39e7f",
            "channels": [
                "C4B5HF727"
            ],
            "groups": [],
            "ims": [],
            "comments_count": 0
        },
        "user": "U4BU0EJQ7",
        "upload": true,
        "display_as_bot": false,
        "username": "grace_s3558319",
        "bot_id": null,
        "ts": "1490618816.887213"
    },
    {
        "type": "message",
        "user": "U4BU0EJQ7",
        "text": "yea, feel free to edit whatsoever",
        "ts": "1490618822.888777"
    },
    {
        "type": "message",
        "user": "U4BU0EJQ7",
        "text": "it’s just me trying to bluff",
        "ts": "1490618835.892571"
    },
    {
        "type": "message",
        "user": "U4BU0EJQ7",
        "text": "and make it look like it’s TDD",
        "ts": "1490618846.895965"
    },
    {
        "type": "message",
        "user": "U4BBG61A8",
        "text": "Jojo,, cool ... And good luck with all those other assignments",
        "ts": "1490618859.900144"
    },
    {
        "type": "message",
        "user": "U4BBG61A8",
        "text": "I'll push for all those employee tests",
        "ts": "1490618890.909429"
    },
    {
        "type": "message",
        "user": "U4BU0EJQ7",
        "text": "lol as if you dont have any",
        "ts": "1490618893.910343"
    },
    {
        "type": "message",
        "user": "U4BU0EJQ7",
        "text": "oh cool",
        "ts": "1490618899.912253"
    },
    {
        "type": "message",
        "user": "U4BBG61A8",
        "text": "Good luck to all us!! ",
        "ts": "1490618905.914263"
    },
    {
        "type": "message",
        "user": "U4BU0EJQ7",
        "text": "have you done those customer and business owner ones?",
        "ts": "1490618915.917065"
    },
    {
        "type": "message",
        "user": "U4BBG61A8",
        "text": "You're right ",
        "ts": "1490618915.917366"
    },
    {
        "type": "message",
        "user": "U4BBG61A8",
        "text": "I might just assume stuff if i find sth i dont know for the tests",
        "ts": "1490618958.930125"
    },
    {
        "type": "message",
        "user": "U4BU0EJQ7",
        "text": "it’s cool you know, coz if u’ve employee tests now and we building employee functions next week then technically we’re still TDD",
        "ts": "1490618962.931282"
    },
    {
        "type": "message",
        "user": "U4BBG61A8",
        "text": "Yepp thats the idea, it's gonna be a long night",
        "ts": "1490618996.941972"
    },
    {
        "type": "message",
        "user": "U4BBG61A8",
        "text": "Hehe",
        "ts": "1490619003.944333"
    },
    {
        "type": "message",
        "user": "U4BU0EJQ7",
        "text": "Well… my plan was to sleep like an hour ago",
        "ts": "1490619015.947728"
    },
    {
        "type": "message",
        "user": "U4BU0EJQ7",
        "text": "but yea good luck",
        "ts": "1490619031.953051"
    },
    {
        "type": "message",
        "user": "U4BBG61A8",
        "text": "Ohh.. yeah have some rest... See you guys tmw",
        "ts": "1490619032.953429"
    },
    {
        "type": "message",
        "user": "U4BU0EJQ7",
        "text": "no stress paul",
        "ts": "1490619039.955595"
    },
    {
        "type": "message",
        "user": "U4BU0EJQ7",
        "text": "when there is time",
        "ts": "1490619045.957395"
    },
    {
        "type": "message",
        "user": "U4BU0EJQ7",
        "text": "do modify tests according to whatever functions we have so that everything passes hahaha",
        "ts": "1490619065.963953"
    },
    {
        "type": "message",
        "user": "U4BU0EJQ7",
        "text": "good night and see you guys tmr",
        "ts": "1490619070.965312"
    },
    {
        "type": "message",
        "user": "U4B7HTH1Q",
        "text": "Lol please sit further back in class.",
        "ts": "1490653574.240692"
    },
    {
        "type": "message",
        "user": "U4B7HTH1Q",
        "text": "I missed my train :(",
        "ts": "1490653583.243311"
    },
    {
        "type": "message",
        "user": "U4BU0EJQ7",
        "text": ":joy:",
        "ts": "1490653651.260589"
    },
    {
        "type": "message",
        "user": "U4B7HTH1Q",
        "text": "I hope the door is locked again hahaha",
        "ts": "1490653658.262605"
    },
    {
        "type": "message",
        "user": "U4BU0EJQ7",
        "text": "Door's locked and Paul's not here yet too",
        "ts": "1490653669.265591"
    },
    {
        "type": "message",
        "user": "U4B7HTH1Q",
        "text": "LOOOL, my wish came true.",
        "ts": "1490653684.269431"
    },
    {
        "type": "message",
        "user": "U4B7HTH1Q",
        "text": "Watdafak... my train is not taking city loop because of an ill passenger.",
        "ts": "1490653787.297561"
    },
    {
        "type": "message",
        "user": "U4B7HTH1Q",
        "text": "NOOOOO",
        "ts": "1490653790.298212"
    },
    {
        "type": "message",
        "user": "U4B7HTH1Q",
        "text": "I'm already late",
        "ts": "1490653796.299945"
    },
    {
        "type": "message",
        "user": "U4BU0EJQ7",
        "text": "Change at Richmond?",
        "ts": "1490653809.303728"
    },
    {
        "type": "message",
        "user": "U4BU0EJQ7",
        "text": "Oh wait are you on my side?",
        "ts": "1490653822.307378"
    },
    {
        "type": "message",
        "user": "U4BU0EJQ7",
        "text": "Haha Lawrence just got here",
        "ts": "1490653943.339513"
    },
    {
        "type": "message",
        "user": "U4B7HTH1Q",
        "text": "Yeh, Richmond is packed.",
        "ts": "1490654113.381390"
    }
]