[
    {
        "type": "message",
        "user": "U4BU0EJQ7",
        "text": "Hi peeps, please run the following before you start doing other stuffs:\n`php artisan migrate`\n`php artisan db:seed --class=CustomersTableSeeder`",
        "ts": "1490006759.849229"
    },
    {
        "type": "message",
        "user": "U4B7HTH1Q",
        "text": "Oh, the second command as well?",
        "ts": "1490006784.855818"
    },
    {
        "type": "message",
        "user": "U4BU0EJQ7",
        "text": "Well, the second one is not as impt",
        "ts": "1490006798.859257"
    },
    {
        "type": "message",
        "user": "U4BU0EJQ7",
        "text": "Like it won’t affect much even if u don’t run it",
        "ts": "1490006811.862867"
    },
    {
        "type": "message",
        "user": "U4BU0EJQ7",
        "text": "coz it just generate 3 random customers",
        "ts": "1490006827.866848"
    },
    {
        "type": "message",
        "user": "U4BU0EJQ7",
        "text": "like really *random*",
        "ts": "1490006835.868673"
    },
    {
        "type": "message",
        "user": "U4B7HTH1Q",
        "text": "Welp, are we required to run these commands in Homestead?",
        "ts": "1490014188.643676"
    },
    {
        "type": "message",
        "user": "U4B7HTH1Q",
        "text": "I'm getting all sorts of errors lolol",
        "ts": "1490014196.646033"
    },
    {
        "type": "message",
        "subtype": "file_share",
        "text": "<@U4B7HTH1Q|ervin_s3577844> uploaded a file: <https:\/\/sept-copsicus.slack.com\/files\/ervin_s3577844\/F4MQEG9M4\/img_20170321_111454.jpg|Overview for SEPT PT. A>",
        "file": {
            "id": "F4MQEG9M4",
            "created": 1490055361,
            "timestamp": 1490055361,
            "name": "IMG_20170321_111454.jpg",
            "title": "Overview for SEPT PT. A",
            "mimetype": "image\/jpeg",
            "filetype": "jpg",
            "pretty_type": "JPEG",
            "user": "U4B7HTH1Q",
            "editable": false,
            "size": 2715471,
            "mode": "hosted",
            "is_external": false,
            "external_type": "",
            "is_public": true,
            "public_url_shared": false,
            "display_as_bot": false,
            "username": "",
            "url_private": "https:\/\/files.slack.com\/files-pri\/T4BA4NFCM-F4MQEG9M4\/img_20170321_111454.jpg?t=xoxe-147344763429-166727741332-166011075329-a43af65f36",
            "url_private_download": "https:\/\/files.slack.com\/files-pri\/T4BA4NFCM-F4MQEG9M4\/download\/img_20170321_111454.jpg?t=xoxe-147344763429-166727741332-166011075329-a43af65f36",
            "thumb_64": "https:\/\/files.slack.com\/files-tmb\/T4BA4NFCM-F4MQEG9M4-d1fc462302\/img_20170321_111454_64.jpg?t=xoxe-147344763429-166727741332-166011075329-a43af65f36",
            "thumb_80": "https:\/\/files.slack.com\/files-tmb\/T4BA4NFCM-F4MQEG9M4-d1fc462302\/img_20170321_111454_80.jpg?t=xoxe-147344763429-166727741332-166011075329-a43af65f36",
            "thumb_360": "https:\/\/files.slack.com\/files-tmb\/T4BA4NFCM-F4MQEG9M4-d1fc462302\/img_20170321_111454_360.jpg?t=xoxe-147344763429-166727741332-166011075329-a43af65f36",
            "thumb_360_w": 360,
            "thumb_360_h": 270,
            "thumb_480": "https:\/\/files.slack.com\/files-tmb\/T4BA4NFCM-F4MQEG9M4-d1fc462302\/img_20170321_111454_480.jpg?t=xoxe-147344763429-166727741332-166011075329-a43af65f36",
            "thumb_480_w": 480,
            "thumb_480_h": 360,
            "thumb_160": "https:\/\/files.slack.com\/files-tmb\/T4BA4NFCM-F4MQEG9M4-d1fc462302\/img_20170321_111454_160.jpg?t=xoxe-147344763429-166727741332-166011075329-a43af65f36",
            "thumb_720": "https:\/\/files.slack.com\/files-tmb\/T4BA4NFCM-F4MQEG9M4-d1fc462302\/img_20170321_111454_720.jpg?t=xoxe-147344763429-166727741332-166011075329-a43af65f36",
            "thumb_720_w": 720,
            "thumb_720_h": 540,
            "thumb_960": "https:\/\/files.slack.com\/files-tmb\/T4BA4NFCM-F4MQEG9M4-d1fc462302\/img_20170321_111454_960.jpg?t=xoxe-147344763429-166727741332-166011075329-a43af65f36",
            "thumb_960_w": 960,
            "thumb_960_h": 720,
            "thumb_1024": "https:\/\/files.slack.com\/files-tmb\/T4BA4NFCM-F4MQEG9M4-d1fc462302\/img_20170321_111454_1024.jpg?t=xoxe-147344763429-166727741332-166011075329-a43af65f36",
            "thumb_1024_w": 1024,
            "thumb_1024_h": 768,
            "image_exif_rotation": 1,
            "original_w": 4032,
            "original_h": 3024,
            "permalink": "https:\/\/sept-copsicus.slack.com\/files\/ervin_s3577844\/F4MQEG9M4\/img_20170321_111454.jpg",
            "permalink_public": "https:\/\/slack-files.com\/T4BA4NFCM-F4MQEG9M4-248fada00d",
            "channels": [
                "C4B5HF727"
            ],
            "groups": [],
            "ims": [],
            "comments_count": 0
        },
        "user": "U4B7HTH1Q",
        "upload": true,
        "display_as_bot": false,
        "username": "ervin_s3577844",
        "bot_id": null,
        "ts": "1490055367.281560"
    }
]