[
    {
        "type": "message",
        "user": "U4BU0EJQ7",
        "text": "What time do we meet up tmr?",
        "ts": "1489313596.436673"
    },
    {
        "type": "message",
        "user": "U4BU0EJQ7",
        "text": "<!channel> ",
        "ts": "1489322868.870023"
    },
    {
        "type": "message",
        "user": "U4BBG61A8",
        "text": "If we can do it before 6pm",
        "ts": "1489361828.639792"
    },
    {
        "type": "message",
        "user": "U4BBG61A8",
        "text": "Or after 11.45pm",
        "ts": "1489361850.641224"
    },
    {
        "type": "message",
        "user": "U4BU0EJQ7",
        "text": "Haha",
        "ts": "1489361856.641693"
    },
    {
        "type": "message",
        "user": "U4BBG61A8",
        "text": "Sorry",
        "ts": "1489361869.642757"
    },
    {
        "type": "message",
        "user": "U4BU0EJQ7",
        "text": "Sorry I pushed to the master instead of having a branch",
        "ts": "1489361873.643060"
    },
    {
        "type": "message",
        "user": "U4BU0EJQ7",
        "text": "No don't be",
        "ts": "1489361876.643351"
    },
    {
        "type": "message",
        "user": "U4BBG61A8",
        "text": "Work calls",
        "ts": "1489361881.643695"
    },
    {
        "type": "message",
        "user": "U4BU0EJQ7",
        "text": "I don't think we have to meet up though ",
        "ts": "1489361892.644386"
    },
    {
        "type": "message",
        "user": "U4BU0EJQ7",
        "text": "I can write a minute based on the brief discussion and job assignment on the other day ",
        "ts": "1489361918.646250"
    },
    {
        "type": "message",
        "user": "U4BU0EJQ7",
        "text": "That's counted as the 5min sprint meet up",
        "ts": "1489361931.647113"
    },
    {
        "type": "message",
        "user": "U4BU0EJQ7",
        "text": "Most efficient one ever",
        "ts": "1489361938.647636"
    },
    {
        "type": "message",
        "user": "U4BBG61A8",
        "text": "Haha",
        "ts": "1489361939.647658"
    },
    {
        "type": "message",
        "user": "U4BBG61A8",
        "text": "That's brilliant",
        "ts": "1489361951.648396"
    },
    {
        "type": "message",
        "user": "U4BU0EJQ7",
        "text": "Coz what we gonna talk abt in today's meeting right?",
        "ts": "1489361958.648960"
    },
    {
        "type": "message",
        "user": "U4BU0EJQ7",
        "text": "I guess I'll just do that and we will meet tomorrow during class ",
        "ts": "1489361978.650389"
    },
    {
        "type": "message",
        "user": "U4BBG61A8",
        "text": "I suppose. Lets see what Ervin thinks, probably he is got something else to discuss",
        "ts": "1489362064.656621"
    },
    {
        "type": "message",
        "user": "U4BU0EJQ7",
        "text": "Yup let's wait for him",
        "ts": "1489362092.658770"
    },
    {
        "type": "message",
        "user": "U4B7HTH1Q",
        "text": "Hey guys, I don't have any input for the time being.",
        "ts": "1489367180.091647"
    },
    {
        "type": "message",
        "user": "U4B7HTH1Q",
        "text": "But I have a question though - which database are we using for our Laravel app? (I've added this comment to our Database backlog)",
        "ts": "1489367208.094107"
    },
    {
        "type": "message",
        "user": "U4BU0EJQ7",
        "text": "I'm using homestead ATM ",
        "ts": "1489367284.101469"
    },
    {
        "type": "message",
        "user": "U4B7HTH1Q",
        "text": "I'll push out the login\/registration pages to GitHub this afternoon.\nAnyway, <@U4BBG61A8> I think your branch is 1 commit behind the master, though it shouldn't be a problem once we merge it to master",
        "ts": "1489367345.107235"
    },
    {
        "type": "message",
        "user": "U4B7HTH1Q",
        "text": "So you're using a Vagrant box? <@U4BU0EJQ7>",
        "ts": "1489367363.108967"
    },
    {
        "type": "message",
        "user": "U4BU0EJQ7",
        "text": "Yea",
        "ts": "1489367376.110177"
    },
    {
        "type": "message",
        "user": "U4B7HTH1Q",
        "text": "If I remember correctly I think Homestead uses MySQL",
        "ts": "1489367385.111009"
    },
    {
        "type": "message",
        "user": "U4B7HTH1Q",
        "text": "and Postgres too",
        "ts": "1489367391.111625"
    },
    {
        "type": "message",
        "user": "U4BU0EJQ7",
        "text": "Yea...",
        "ts": "1489367410.113477"
    },
    {
        "type": "message",
        "user": "U4B7HTH1Q",
        "text": "so we'll proceed with either of those, but for simplicity's sake I think we should go with MySQL",
        "ts": "1489367413.113743"
    },
    {
        "type": "message",
        "user": "U4BBG61A8",
        "text": "I agree",
        "ts": "1489367425.115061"
    },
    {
        "type": "message",
        "user": "U4BU0EJQ7",
        "text": "MySQL",
        "ts": "1489367426.115138"
    },
    {
        "type": "message",
        "user": "U4B7HTH1Q",
        "text": "Postgres is great but I think everyone's more familiar with MySQL",
        "ts": "1489367431.115681"
    },
    {
        "type": "message",
        "user": "U4BBG61A8",
        "text": "Exactly",
        "ts": "1489367440.116490"
    },
    {
        "type": "message",
        "user": "U4BBG61A8",
        "text": "Mysql is more mainstream",
        "ts": "1489367462.118501"
    },
    {
        "type": "message",
        "user": "U4B7HTH1Q",
        "text": "Yeah",
        "ts": "1489367467.118929"
    },
    {
        "type": "message",
        "user": "U4BU0EJQ7",
        "text": "just asking",
        "ts": "1489367478.120062"
    },
    {
        "type": "message",
        "user": "U4B7HTH1Q",
        "text": "Anyway, <@U4BU0EJQ7> I'm not sure why but your commits are not showing up on the GitHub repo",
        "ts": "1489367483.120570"
    },
    {
        "type": "message",
        "user": "U4BU0EJQ7",
        "text": "Should I rollback my commit",
        "ts": "1489367495.121774"
    },
    {
        "type": "message",
        "user": "U4BU0EJQ7",
        "text": "And push to a branch instead?",
        "ts": "1489367506.122728"
    },
    {
        "type": "message",
        "user": "U4BU0EJQ7",
        "text": "Hmm",
        "ts": "1489367541.126209"
    },
    {
        "type": "message",
        "user": "U4BU0EJQ7",
        "text": "I could see my own commit last night",
        "ts": "1489367552.127237"
    },
    {
        "type": "message",
        "user": "U4B7HTH1Q",
        "text": "Like it shows up in the commit history",
        "ts": "1489367554.127413"
    },
    {
        "type": "message",
        "user": "U4B7HTH1Q",
        "text": "But it doesn't appear on the contributors page",
        "ts": "1489367562.128172"
    },
    {
        "type": "message",
        "user": "U4B7HTH1Q",
        "text": "and it keeps telling me you're an unrecognised user.",
        "ts": "1489367571.128903"
    },
    {
        "type": "message",
        "user": "U4BU0EJQ7",
        "text": "Does that happen to Paul too?",
        "ts": "1489367587.130501"
    },
    {
        "type": "message",
        "user": "U4BU0EJQ7",
        "text": "Or just me?",
        "ts": "1489367592.130899"
    },
    {
        "type": "message",
        "user": "U4B7HTH1Q",
        "text": "No, Paul's fine.",
        "ts": "1489367596.131273"
    },
    {
        "type": "message",
        "user": "U4BU0EJQ7",
        "text": ":joy:",
        "ts": "1489367602.131959"
    },
    {
        "type": "message",
        "user": "U4BU0EJQ7",
        "text": "I'm hacking",
        "ts": "1489367606.132384"
    },
    {
        "type": "message",
        "user": "U4BU0EJQ7",
        "text": "I'm not sure why",
        "ts": "1489367616.133267"
    },
    {
        "type": "message",
        "user": "U4BBG61A8",
        "text": "Come on Master!!!",
        "ts": "1489367621.133674"
    },
    {
        "type": "message",
        "user": "U4BBG61A8",
        "text": "Haha",
        "ts": "1489367630.134541"
    },
    {
        "type": "message",
        "user": "U4B7HTH1Q",
        "text": "Do you have a personal GitHub account?",
        "ts": "1489367685.139596"
    },
    {
        "type": "message",
        "user": "U4BU0EJQ7",
        "text": "Well no",
        "ts": "1489367731.144230"
    },
    {
        "type": "message",
        "user": "U4B7HTH1Q",
        "text": "I want to get it fixed because your contributions account for your participation marks.",
        "ts": "1489367744.145472"
    },
    {
        "type": "message",
        "user": "U4B7HTH1Q",
        "text": "and if it's not showing on GitHub, that's a serious problem lol",
        "ts": "1489367755.146494"
    },
    {
        "type": "message",
        "user": "U4BU0EJQ7",
        "text": "Oh wut",
        "ts": "1489367764.147357"
    },
    {
        "type": "message",
        "user": "U4BU0EJQ7",
        "text": "Yea I get wut u mean",
        "ts": "1489367772.148011"
    },
    {
        "type": "message",
        "user": "U4BU0EJQ7",
        "text": "Let's search it up",
        "ts": "1489367782.148948"
    },
    {
        "type": "message",
        "user": "U4BU0EJQ7",
        "text": "And maybe ask Lawrence if he knows the fix?",
        "ts": "1489367802.150921"
    },
    {
        "type": "message",
        "user": "U4BBG61A8",
        "text": "Ohh.. ok",
        "ts": "1489367833.153742"
    },
    {
        "type": "message",
        "user": "U4BU0EJQ7",
        "text": ":cry:I'm not on the board",
        "ts": "1489367847.155144"
    },
    {
        "type": "message",
        "user": "U4B7HTH1Q",
        "text": "What board?",
        "ts": "1489367863.156480"
    },
    {
        "type": "message",
        "user": "U4B7HTH1Q",
        "text": "I think you need to add your email to your GitHub profile settings",
        "ts": "1489367881.158055"
    },
    {
        "type": "message",
        "subtype": "file_share",
        "text": "<@U4BU0EJQ7|grace_s3558319> uploaded a file: <https:\/\/sept-copsicus.slack.com\/files\/grace_s3558319\/F4GHJUBND\/pasted_image_at_2017_03_13_12_20_pm.png|Pasted image at 2017-03-13, 12:20 PM>",
        "file": {
            "id": "F4GHJUBND",
            "created": 1489368009,
            "timestamp": 1489368009,
            "name": "Pasted image at 2017_03_13 12_20 PM.png",
            "title": "Pasted image at 2017-03-13, 12:20 PM",
            "mimetype": "image\/png",
            "filetype": "png",
            "pretty_type": "PNG",
            "user": "U4BU0EJQ7",
            "editable": false,
            "size": 60891,
            "mode": "hosted",
            "is_external": false,
            "external_type": "",
            "is_public": true,
            "public_url_shared": false,
            "display_as_bot": false,
            "username": "",
            "url_private": "https:\/\/files.slack.com\/files-pri\/T4BA4NFCM-F4GHJUBND\/pasted_image_at_2017_03_13_12_20_pm.png?t=xoxe-147344763429-166727741332-166011075329-a43af65f36",
            "url_private_download": "https:\/\/files.slack.com\/files-pri\/T4BA4NFCM-F4GHJUBND\/download\/pasted_image_at_2017_03_13_12_20_pm.png?t=xoxe-147344763429-166727741332-166011075329-a43af65f36",
            "thumb_64": "https:\/\/files.slack.com\/files-tmb\/T4BA4NFCM-F4GHJUBND-1783b70426\/pasted_image_at_2017_03_13_12_20_pm_64.png?t=xoxe-147344763429-166727741332-166011075329-a43af65f36",
            "thumb_80": "https:\/\/files.slack.com\/files-tmb\/T4BA4NFCM-F4GHJUBND-1783b70426\/pasted_image_at_2017_03_13_12_20_pm_80.png?t=xoxe-147344763429-166727741332-166011075329-a43af65f36",
            "thumb_360": "https:\/\/files.slack.com\/files-tmb\/T4BA4NFCM-F4GHJUBND-1783b70426\/pasted_image_at_2017_03_13_12_20_pm_360.png?t=xoxe-147344763429-166727741332-166011075329-a43af65f36",
            "thumb_360_w": 360,
            "thumb_360_h": 170,
            "thumb_480": "https:\/\/files.slack.com\/files-tmb\/T4BA4NFCM-F4GHJUBND-1783b70426\/pasted_image_at_2017_03_13_12_20_pm_480.png?t=xoxe-147344763429-166727741332-166011075329-a43af65f36",
            "thumb_480_w": 480,
            "thumb_480_h": 226,
            "thumb_160": "https:\/\/files.slack.com\/files-tmb\/T4BA4NFCM-F4GHJUBND-1783b70426\/pasted_image_at_2017_03_13_12_20_pm_160.png?t=xoxe-147344763429-166727741332-166011075329-a43af65f36",
            "thumb_720": "https:\/\/files.slack.com\/files-tmb\/T4BA4NFCM-F4GHJUBND-1783b70426\/pasted_image_at_2017_03_13_12_20_pm_720.png?t=xoxe-147344763429-166727741332-166011075329-a43af65f36",
            "thumb_720_w": 720,
            "thumb_720_h": 339,
            "image_exif_rotation": 1,
            "original_w": 764,
            "original_h": 360,
            "permalink": "https:\/\/sept-copsicus.slack.com\/files\/grace_s3558319\/F4GHJUBND\/pasted_image_at_2017_03_13_12_20_pm.png",
            "permalink_public": "https:\/\/slack-files.com\/T4BA4NFCM-F4GHJUBND-fcc400110c",
            "channels": [
                "C4B5HF727"
            ],
            "groups": [],
            "ims": [],
            "comments_count": 0
        },
        "user": "U4BU0EJQ7",
        "upload": true,
        "display_as_bot": false,
        "username": "grace_s3558319",
        "bot_id": null,
        "ts": "1489368011.170270"
    },
    {
        "type": "message",
        "user": "U4BBG61A8",
        "text": "Grace are you using git bash? Or what's your dev environment? ",
        "ts": "1489368076.176547"
    },
    {
        "type": "message",
        "user": "U4BU0EJQ7",
        "text": "mac can use terminal",
        "ts": "1489368093.178220"
    },
    {
        "type": "message",
        "user": "U4B7HTH1Q",
        "text": "<@U4BU0EJQ7> can you try pushing another test commit to master branch?",
        "ts": "1489368144.182855"
    },
    {
        "type": "message",
        "user": "U4BU0EJQ7",
        "text": "one sec",
        "ts": "1489368155.183965"
    },
    {
        "type": "message",
        "user": "U4BU0EJQ7",
        "text": "hmm",
        "ts": "1489368368.204297"
    },
    {
        "type": "message",
        "user": "U4BU0EJQ7",
        "text": "would it be because paul didn’t push to master at all but only creating branches?",
        "edited": {
            "user": "U4BU0EJQ7",
            "ts": "1489368410.000000"
        },
        "ts": "1489368397.207026"
    },
    {
        "type": "message",
        "user": "U4B7HTH1Q",
        "text": "No",
        "ts": "1489368407.207897"
    },
    {
        "type": "message",
        "user": "U4B7HTH1Q",
        "text": "Even previously, when you testing the webhook",
        "ts": "1489368414.208509"
    },
    {
        "type": "message",
        "user": "U4BU0EJQ7",
        "text": "oh can u see me now?",
        "ts": "1489368416.208698"
    },
    {
        "type": "message",
        "user": "U4B7HTH1Q",
        "text": "GitHub doesn't recognize you",
        "ts": "1489368419.208990"
    },
    {
        "type": "message",
        "user": "U4BU0EJQ7",
        "text": "i know coz that was pushed to the master?",
        "ts": "1489368437.210718"
    },
    {
        "type": "message",
        "user": "U4BU0EJQ7",
        "text": "i’m not sure if paul pushes something directly to the master branch",
        "ts": "1489368452.212071"
    },
    {
        "type": "message",
        "user": "U4BU0EJQ7",
        "text": "there’d be more contributor?",
        "ts": "1489368462.213037"
    },
    {
        "type": "message",
        "user": "U4B7HTH1Q",
        "text": "no, it doesn't work that way",
        "ts": "1489368477.214414"
    },
    {
        "type": "message",
        "user": "U4BU0EJQ7",
        "text": "Oh okay",
        "ts": "1489368490.215657"
    },
    {
        "type": "message",
        "subtype": "file_share",
        "text": "<@U4BU0EJQ7|grace_s3558319> uploaded a file: <https:\/\/sept-copsicus.slack.com\/files\/grace_s3558319\/F4H97GGE8\/pasted_image_at_2017_03_13_12_28_pm.png|Pasted image at 2017-03-13, 12:28 PM>",
        "file": {
            "id": "F4H97GGE8",
            "created": 1489368489,
            "timestamp": 1489368489,
            "name": "Pasted image at 2017_03_13 12_28 PM.png",
            "title": "Pasted image at 2017-03-13, 12:28 PM",
            "mimetype": "image\/png",
            "filetype": "png",
            "pretty_type": "PNG",
            "user": "U4BU0EJQ7",
            "editable": false,
            "size": 63256,
            "mode": "hosted",
            "is_external": false,
            "external_type": "",
            "is_public": true,
            "public_url_shared": false,
            "display_as_bot": false,
            "username": "",
            "url_private": "https:\/\/files.slack.com\/files-pri\/T4BA4NFCM-F4H97GGE8\/pasted_image_at_2017_03_13_12_28_pm.png?t=xoxe-147344763429-166727741332-166011075329-a43af65f36",
            "url_private_download": "https:\/\/files.slack.com\/files-pri\/T4BA4NFCM-F4H97GGE8\/download\/pasted_image_at_2017_03_13_12_28_pm.png?t=xoxe-147344763429-166727741332-166011075329-a43af65f36",
            "thumb_64": "https:\/\/files.slack.com\/files-tmb\/T4BA4NFCM-F4H97GGE8-8e7520721e\/pasted_image_at_2017_03_13_12_28_pm_64.png?t=xoxe-147344763429-166727741332-166011075329-a43af65f36",
            "thumb_80": "https:\/\/files.slack.com\/files-tmb\/T4BA4NFCM-F4H97GGE8-8e7520721e\/pasted_image_at_2017_03_13_12_28_pm_80.png?t=xoxe-147344763429-166727741332-166011075329-a43af65f36",
            "thumb_360": "https:\/\/files.slack.com\/files-tmb\/T4BA4NFCM-F4H97GGE8-8e7520721e\/pasted_image_at_2017_03_13_12_28_pm_360.png?t=xoxe-147344763429-166727741332-166011075329-a43af65f36",
            "thumb_360_w": 360,
            "thumb_360_h": 115,
            "thumb_480": "https:\/\/files.slack.com\/files-tmb\/T4BA4NFCM-F4H97GGE8-8e7520721e\/pasted_image_at_2017_03_13_12_28_pm_480.png?t=xoxe-147344763429-166727741332-166011075329-a43af65f36",
            "thumb_480_w": 480,
            "thumb_480_h": 154,
            "thumb_160": "https:\/\/files.slack.com\/files-tmb\/T4BA4NFCM-F4H97GGE8-8e7520721e\/pasted_image_at_2017_03_13_12_28_pm_160.png?t=xoxe-147344763429-166727741332-166011075329-a43af65f36",
            "thumb_720": "https:\/\/files.slack.com\/files-tmb\/T4BA4NFCM-F4H97GGE8-8e7520721e\/pasted_image_at_2017_03_13_12_28_pm_720.png?t=xoxe-147344763429-166727741332-166011075329-a43af65f36",
            "thumb_720_w": 720,
            "thumb_720_h": 231,
            "thumb_960": "https:\/\/files.slack.com\/files-tmb\/T4BA4NFCM-F4H97GGE8-8e7520721e\/pasted_image_at_2017_03_13_12_28_pm_960.png?t=xoxe-147344763429-166727741332-166011075329-a43af65f36",
            "thumb_960_w": 960,
            "thumb_960_h": 308,
            "image_exif_rotation": 1,
            "original_w": 998,
            "original_h": 320,
            "permalink": "https:\/\/sept-copsicus.slack.com\/files\/grace_s3558319\/F4H97GGE8\/pasted_image_at_2017_03_13_12_28_pm.png",
            "permalink_public": "https:\/\/slack-files.com\/T4BA4NFCM-F4H97GGE8-179f553661",
            "channels": [
                "C4B5HF727"
            ],
            "groups": [],
            "ims": [],
            "comments_count": 0
        },
        "user": "U4BU0EJQ7",
        "upload": true,
        "display_as_bot": false,
        "username": "grace_s3558319",
        "bot_id": null,
        "ts": "1489368491.215725"
    },
    {
        "type": "message",
        "user": "U4BU0EJQ7",
        "text": "sorry I don’t really have an idea",
        "ts": "1489368499.216645"
    },
    {
        "type": "message",
        "user": "U4B7HTH1Q",
        "text": "users only show up on the contributors page if their changes are applied to master",
        "ts": "1489368500.216832"
    },
    {
        "type": "message",
        "user": "U4B7HTH1Q",
        "text": "because Paul branched earlier, that's why his name isn't on it.",
        "ts": "1489368512.217893"
    },
    {
        "type": "message",
        "user": "U4B7HTH1Q",
        "text": "Do you see the icon next to your name _Grace ZHENG_?",
        "ts": "1489368543.220916"
    },
    {
        "type": "message",
        "user": "U4B7HTH1Q",
        "text": "It's showing a grey octopus.",
        "ts": "1489368556.222122"
    },
    {
        "type": "message",
        "user": "U4BU0EJQ7",
        "text": "oh yea",
        "ts": "1489368575.223898"
    },
    {
        "type": "message",
        "user": "U4BU0EJQ7",
        "text": "<https:\/\/help.github.com\/articles\/why-are-my-contributions-not-showing-up-on-my-profile\/>",
        "attachments": [
            {
                "title": "               Why are my contributions not showing up on my profile? - User Documentation           ",
                "title_link": "https:\/\/help.github.com\/articles\/why-are-my-contributions-not-showing-up-on-my-profile\/",
                "text": "Your profile contributions graph is a record of contributions you've made to GitHub repositories. Contributions are timestamped according to Coordinated Universal Time (UTC) rather than your local time zone. Contributions are only counted if they meet certain criteria. In some cases, we may need to rebuild your graph in order for contributions to appear. …",
                "fallback": "               Why are my contributions not showing up on my profile? - User Documentation           ",
                "from_url": "https:\/\/help.github.com\/articles\/why-are-my-contributions-not-showing-up-on-my-profile\/",
                "service_icon": "https:\/\/help.github.com\/assets\/images\/site\/favicon.ico",
                "service_name": "help.github.com",
                "id": 1
            }
        ],
        "ts": "1489368656.232502"
    },
    {
        "type": "message",
        "user": "U4BU0EJQ7",
        "text": "i see why",
        "ts": "1489368755.242292"
    },
    {
        "type": "message",
        "subtype": "file_share",
        "text": "<@U4B7HTH1Q|ervin_s3577844> uploaded a file: <https:\/\/sept-copsicus.slack.com\/files\/ervin_s3577844\/F4GGS56HW\/unrecognisedauthorgit.png|unrecognisedauthorgit.png>",
        "file": {
            "id": "F4GGS56HW",
            "created": 1489368761,
            "timestamp": 1489368761,
            "name": "unrecognisedauthorgit.png",
            "title": "unrecognisedauthorgit.png",
            "mimetype": "image\/png",
            "filetype": "png",
            "pretty_type": "PNG",
            "user": "U4B7HTH1Q",
            "editable": false,
            "size": 53214,
            "mode": "hosted",
            "is_external": false,
            "external_type": "",
            "is_public": true,
            "public_url_shared": false,
            "display_as_bot": false,
            "username": "",
            "url_private": "https:\/\/files.slack.com\/files-pri\/T4BA4NFCM-F4GGS56HW\/unrecognisedauthorgit.png?t=xoxe-147344763429-166727741332-166011075329-a43af65f36",
            "url_private_download": "https:\/\/files.slack.com\/files-pri\/T4BA4NFCM-F4GGS56HW\/download\/unrecognisedauthorgit.png?t=xoxe-147344763429-166727741332-166011075329-a43af65f36",
            "thumb_64": "https:\/\/files.slack.com\/files-tmb\/T4BA4NFCM-F4GGS56HW-d17c5481f3\/unrecognisedauthorgit_64.png?t=xoxe-147344763429-166727741332-166011075329-a43af65f36",
            "thumb_80": "https:\/\/files.slack.com\/files-tmb\/T4BA4NFCM-F4GGS56HW-d17c5481f3\/unrecognisedauthorgit_80.png?t=xoxe-147344763429-166727741332-166011075329-a43af65f36",
            "thumb_360": "https:\/\/files.slack.com\/files-tmb\/T4BA4NFCM-F4GGS56HW-d17c5481f3\/unrecognisedauthorgit_360.png?t=xoxe-147344763429-166727741332-166011075329-a43af65f36",
            "thumb_360_w": 360,
            "thumb_360_h": 213,
            "thumb_480": "https:\/\/files.slack.com\/files-tmb\/T4BA4NFCM-F4GGS56HW-d17c5481f3\/unrecognisedauthorgit_480.png?t=xoxe-147344763429-166727741332-166011075329-a43af65f36",
            "thumb_480_w": 480,
            "thumb_480_h": 284,
            "thumb_160": "https:\/\/files.slack.com\/files-tmb\/T4BA4NFCM-F4GGS56HW-d17c5481f3\/unrecognisedauthorgit_160.png?t=xoxe-147344763429-166727741332-166011075329-a43af65f36",
            "thumb_720": "https:\/\/files.slack.com\/files-tmb\/T4BA4NFCM-F4GGS56HW-d17c5481f3\/unrecognisedauthorgit_720.png?t=xoxe-147344763429-166727741332-166011075329-a43af65f36",
            "thumb_720_w": 720,
            "thumb_720_h": 426,
            "thumb_960": "https:\/\/files.slack.com\/files-tmb\/T4BA4NFCM-F4GGS56HW-d17c5481f3\/unrecognisedauthorgit_960.png?t=xoxe-147344763429-166727741332-166011075329-a43af65f36",
            "thumb_960_w": 960,
            "thumb_960_h": 569,
            "image_exif_rotation": 1,
            "original_w": 976,
            "original_h": 578,
            "permalink": "https:\/\/sept-copsicus.slack.com\/files\/ervin_s3577844\/F4GGS56HW\/unrecognisedauthorgit.png",
            "permalink_public": "https:\/\/slack-files.com\/T4BA4NFCM-F4GGS56HW-90c795c7bc",
            "channels": [
                "C4B5HF727"
            ],
            "groups": [],
            "ims": [],
            "comments_count": 0
        },
        "user": "U4B7HTH1Q",
        "upload": true,
        "display_as_bot": false,
        "username": "ervin_s3577844",
        "bot_id": null,
        "ts": "1489368763.243114"
    },
    {
        "type": "message",
        "subtype": "file_share",
        "text": "<@U4BU0EJQ7|grace_s3558319> uploaded a file: <https:\/\/sept-copsicus.slack.com\/files\/grace_s3558319\/F4HUGFCBH\/pasted_image_at_2017_03_13_12_32_pm.png|Pasted image at 2017-03-13, 12:32 PM>",
        "file": {
            "id": "F4HUGFCBH",
            "created": 1489368767,
            "timestamp": 1489368767,
            "name": "Pasted image at 2017_03_13 12_32 PM.png",
            "title": "Pasted image at 2017-03-13, 12:32 PM",
            "mimetype": "image\/png",
            "filetype": "png",
            "pretty_type": "PNG",
            "user": "U4BU0EJQ7",
            "editable": false,
            "size": 68523,
            "mode": "hosted",
            "is_external": false,
            "external_type": "",
            "is_public": true,
            "public_url_shared": false,
            "display_as_bot": false,
            "username": "",
            "url_private": "https:\/\/files.slack.com\/files-pri\/T4BA4NFCM-F4HUGFCBH\/pasted_image_at_2017_03_13_12_32_pm.png?t=xoxe-147344763429-166727741332-166011075329-a43af65f36",
            "url_private_download": "https:\/\/files.slack.com\/files-pri\/T4BA4NFCM-F4HUGFCBH\/download\/pasted_image_at_2017_03_13_12_32_pm.png?t=xoxe-147344763429-166727741332-166011075329-a43af65f36",
            "thumb_64": "https:\/\/files.slack.com\/files-tmb\/T4BA4NFCM-F4HUGFCBH-b6b53ee60d\/pasted_image_at_2017_03_13_12_32_pm_64.png?t=xoxe-147344763429-166727741332-166011075329-a43af65f36",
            "thumb_80": "https:\/\/files.slack.com\/files-tmb\/T4BA4NFCM-F4HUGFCBH-b6b53ee60d\/pasted_image_at_2017_03_13_12_32_pm_80.png?t=xoxe-147344763429-166727741332-166011075329-a43af65f36",
            "thumb_360": "https:\/\/files.slack.com\/files-tmb\/T4BA4NFCM-F4HUGFCBH-b6b53ee60d\/pasted_image_at_2017_03_13_12_32_pm_360.png?t=xoxe-147344763429-166727741332-166011075329-a43af65f36",
            "thumb_360_w": 360,
            "thumb_360_h": 231,
            "thumb_480": "https:\/\/files.slack.com\/files-tmb\/T4BA4NFCM-F4HUGFCBH-b6b53ee60d\/pasted_image_at_2017_03_13_12_32_pm_480.png?t=xoxe-147344763429-166727741332-166011075329-a43af65f36",
            "thumb_480_w": 480,
            "thumb_480_h": 308,
            "thumb_160": "https:\/\/files.slack.com\/files-tmb\/T4BA4NFCM-F4HUGFCBH-b6b53ee60d\/pasted_image_at_2017_03_13_12_32_pm_160.png?t=xoxe-147344763429-166727741332-166011075329-a43af65f36",
            "image_exif_rotation": 1,
            "original_w": 570,
            "original_h": 366,
            "permalink": "https:\/\/sept-copsicus.slack.com\/files\/grace_s3558319\/F4HUGFCBH\/pasted_image_at_2017_03_13_12_32_pm.png",
            "permalink_public": "https:\/\/slack-files.com\/T4BA4NFCM-F4HUGFCBH-82200d2888",
            "channels": [
                "C4B5HF727"
            ],
            "groups": [],
            "ims": [],
            "comments_count": 0
        },
        "user": "U4BU0EJQ7",
        "upload": true,
        "display_as_bot": false,
        "username": "grace_s3558319",
        "bot_id": null,
        "ts": "1489368768.243684"
    },
    {
        "type": "message",
        "user": "U4BU0EJQ7",
        "text": "wrong email address",
        "ts": "1489368776.244582"
    },
    {
        "type": "message",
        "user": "U4B7HTH1Q",
        "text": "oh lol Grace@Grace.local",
        "ts": "1489368802.247122"
    },
    {
        "type": "message",
        "user": "U4B7HTH1Q",
        "text": "you need to change that to your RMIT email",
        "ts": "1489368810.247869"
    },
    {
        "type": "message",
        "user": "U4BU0EJQ7",
        "text": ":joy: sorry",
        "ts": "1489368811.248066"
    },
    {
        "type": "message",
        "user": "U4BU0EJQ7",
        "text": "Yup trying to figure out how",
        "ts": "1489368828.249830"
    },
    {
        "type": "message",
        "user": "U4B7HTH1Q",
        "text": "<https:\/\/help.github.com\/articles\/setting-your-email-in-git\/>",
        "attachments": [
            {
                "title": "               Setting your email in Git - User Documentation           ",
                "title_link": "https:\/\/help.github.com\/articles\/setting-your-email-in-git\/",
                "text": "GitHub uses the email address you set in your local Git configuration to associate commits with your GitHub account. Setting your local Git email address using the git config command The git config …",
                "fallback": "               Setting your email in Git - User Documentation           ",
                "from_url": "https:\/\/help.github.com\/articles\/setting-your-email-in-git\/",
                "service_icon": "https:\/\/help.github.com\/assets\/images\/site\/favicon.ico",
                "service_name": "help.github.com",
                "id": 1
            }
        ],
        "ts": "1489368858.252694"
    },
    {
        "type": "message",
        "user": "U4B7HTH1Q",
        "text": "You want to type this line to check what email is currently being set\n`git config --global user.email`",
        "ts": "1489368891.256098"
    },
    {
        "type": "message",
        "subtype": "file_share",
        "text": "<@U4BU0EJQ7|grace_s3558319> uploaded a file: <https:\/\/sept-copsicus.slack.com\/files\/grace_s3558319\/F4GGSH85N\/pasted_image_at_2017_03_13_12_35_pm.png|Pasted image at 2017-03-13, 12:35 PM>",
        "file": {
            "id": "F4GGSH85N",
            "created": 1489368903,
            "timestamp": 1489368903,
            "name": "Pasted image at 2017_03_13 12_35 PM.png",
            "title": "Pasted image at 2017-03-13, 12:35 PM",
            "mimetype": "image\/png",
            "filetype": "png",
            "pretty_type": "PNG",
            "user": "U4BU0EJQ7",
            "editable": false,
            "size": 64990,
            "mode": "hosted",
            "is_external": false,
            "external_type": "",
            "is_public": true,
            "public_url_shared": false,
            "display_as_bot": false,
            "username": "",
            "url_private": "https:\/\/files.slack.com\/files-pri\/T4BA4NFCM-F4GGSH85N\/pasted_image_at_2017_03_13_12_35_pm.png?t=xoxe-147344763429-166727741332-166011075329-a43af65f36",
            "url_private_download": "https:\/\/files.slack.com\/files-pri\/T4BA4NFCM-F4GGSH85N\/download\/pasted_image_at_2017_03_13_12_35_pm.png?t=xoxe-147344763429-166727741332-166011075329-a43af65f36",
            "thumb_64": "https:\/\/files.slack.com\/files-tmb\/T4BA4NFCM-F4GGSH85N-7f3beef8ed\/pasted_image_at_2017_03_13_12_35_pm_64.png?t=xoxe-147344763429-166727741332-166011075329-a43af65f36",
            "thumb_80": "https:\/\/files.slack.com\/files-tmb\/T4BA4NFCM-F4GGSH85N-7f3beef8ed\/pasted_image_at_2017_03_13_12_35_pm_80.png?t=xoxe-147344763429-166727741332-166011075329-a43af65f36",
            "thumb_360": "https:\/\/files.slack.com\/files-tmb\/T4BA4NFCM-F4GGSH85N-7f3beef8ed\/pasted_image_at_2017_03_13_12_35_pm_360.png?t=xoxe-147344763429-166727741332-166011075329-a43af65f36",
            "thumb_360_w": 360,
            "thumb_360_h": 231,
            "thumb_480": "https:\/\/files.slack.com\/files-tmb\/T4BA4NFCM-F4GGSH85N-7f3beef8ed\/pasted_image_at_2017_03_13_12_35_pm_480.png?t=xoxe-147344763429-166727741332-166011075329-a43af65f36",
            "thumb_480_w": 480,
            "thumb_480_h": 308,
            "thumb_160": "https:\/\/files.slack.com\/files-tmb\/T4BA4NFCM-F4GGSH85N-7f3beef8ed\/pasted_image_at_2017_03_13_12_35_pm_160.png?t=xoxe-147344763429-166727741332-166011075329-a43af65f36",
            "image_exif_rotation": 1,
            "original_w": 570,
            "original_h": 366,
            "permalink": "https:\/\/sept-copsicus.slack.com\/files\/grace_s3558319\/F4GGSH85N\/pasted_image_at_2017_03_13_12_35_pm.png",
            "permalink_public": "https:\/\/slack-files.com\/T4BA4NFCM-F4GGSH85N-e9a2b8f099",
            "channels": [
                "C4B5HF727"
            ],
            "groups": [],
            "ims": [],
            "comments_count": 0
        },
        "user": "U4BU0EJQ7",
        "upload": true,
        "display_as_bot": false,
        "username": "grace_s3558319",
        "bot_id": null,
        "ts": "1489368904.257403"
    },
    {
        "type": "message",
        "user": "U4B7HTH1Q",
        "text": "omg yes okay",
        "ts": "1489369091.275932"
    },
    {
        "type": "message",
        "user": "U4B7HTH1Q",
        "text": "It's working now",
        "ts": "1489369095.276298"
    },
    {
        "type": "message",
        "user": "U4B7HTH1Q",
        "text": "I can see your profile",
        "ts": "1489369098.276727"
    },
    {
        "type": "message",
        "user": "U4B7HTH1Q",
        "text": "it's showing up on the contributors page",
        "ts": "1489369106.277619"
    },
    {
        "type": "message",
        "user": "U4BU0EJQ7",
        "text": ":joy: my bad",
        "ts": "1489369106.277621"
    },
    {
        "type": "message",
        "user": "U4BU0EJQ7",
        "text": "thanks team!",
        "ts": "1489369121.279055"
    },
    {
        "type": "message",
        "user": "U4BU0EJQ7",
        "text": "we get it fixed!",
        "ts": "1489369125.279535"
    },
    {
        "type": "message",
        "user": "U4BBG61A8",
        "text": "When i tried to commit for the first time.. git in ubuntu warned me to change the default email. ",
        "ts": "1489369133.280259"
    },
    {
        "type": "message",
        "user": "U4BBG61A8",
        "text": "I think just avoided that same issue with me",
        "ts": "1489369149.281917"
    },
    {
        "type": "message",
        "user": "U4BU0EJQ7",
        "text": ":pensive: my git is dumb",
        "ts": "1489369168.283908"
    },
    {
        "type": "message",
        "user": "U4B7HTH1Q",
        "text": "Yeah, I checked Paul's branch, his profile is working fine",
        "edited": {
            "user": "U4B7HTH1Q",
            "ts": "1489369178.000000"
        },
        "ts": "1489369171.284235"
    },
    {
        "type": "message",
        "user": "U4BBG61A8",
        "text": "Great man! ",
        "ts": "1489369183.285440"
    },
    {
        "type": "message",
        "user": "U4BBG61A8",
        "text": "You kill it in git",
        "ts": "1489369195.286609"
    },
    {
        "type": "message",
        "user": "U4BU0EJQ7",
        "text": ":upside_down_face:",
        "ts": "1489369207.287927"
    },
    {
        "type": "message",
        "user": "U4B7HTH1Q",
        "text": "Git is cool",
        "ts": "1489369213.288424"
    },
    {
        "type": "message",
        "user": "U4BU0EJQ7",
        "text": ":joy: should I add Grace@Grace.local to my email so that those unrecognised ones would become me?",
        "ts": "1489369293.296857"
    },
    {
        "type": "message",
        "user": "U4BU0EJQ7",
        "text": "Or it wouldn’t work either",
        "ts": "1489369312.298875"
    },
    {
        "type": "message",
        "user": "U4B7HTH1Q",
        "text": "Ignore that",
        "ts": "1489369315.299148"
    },
    {
        "type": "message",
        "user": "U4BU0EJQ7",
        "text": "alright",
        "ts": "1489369320.299608"
    },
    {
        "type": "message",
        "user": "U4BU0EJQ7",
        "text": "wanna to fix it lol",
        "ts": "1489369325.300084"
    },
    {
        "type": "message",
        "user": "U4B7HTH1Q",
        "text": "that's like the worst email ever lolol",
        "ts": "1489369347.302281"
    },
    {
        "type": "message",
        "user": "U4BU0EJQ7",
        "text": ":joy:",
        "ts": "1489369355.303096"
    },
    {
        "type": "message",
        "user": "U4B7HTH1Q",
        "text": "even GitHub got confused",
        "ts": "1489369359.303478"
    },
    {
        "type": "message",
        "user": "U4BU0EJQ7",
        "text": "I don’t remember doing that",
        "ts": "1489369378.305376"
    },
    {
        "type": "message",
        "user": "U4BU0EJQ7",
        "text": "but yea...",
        "ts": "1489369380.305564"
    },
    {
        "type": "message",
        "user": "U4BU0EJQ7",
        "text": "would you guys mind i deleting my unrecognised registration branch and push again?",
        "ts": "1489369417.309430"
    },
    {
        "type": "message",
        "user": "U4B7HTH1Q",
        "text": "Sure, go ahead.",
        "ts": "1489369437.311442"
    },
    {
        "type": "message",
        "user": "U4BU0EJQ7",
        "text": ":joy:",
        "ts": "1489369520.320465"
    },
    {
        "type": "message",
        "user": "U4BU0EJQ7",
        "text": "is it still unrecognised",
        "ts": "1489369533.321902"
    },
    {
        "type": "message",
        "user": "U4B7HTH1Q",
        "text": "uh..",
        "ts": "1489369575.326154"
    },
    {
        "type": "message",
        "user": "U4BU0EJQ7",
        "text": "oh",
        "ts": "1489369632.332030"
    },
    {
        "type": "message",
        "user": "U4BU0EJQ7",
        "text": "I used the gui to delete the branch lol",
        "ts": "1489369642.333094"
    },
    {
        "type": "message",
        "user": "U4B7HTH1Q",
        "text": "It didn't delete earlier",
        "ts": "1489369646.333518"
    },
    {
        "type": "message",
        "user": "U4B7HTH1Q",
        "text": "It wasn't updating so I had to do it again",
        "ts": "1489369657.334750"
    },
    {
        "type": "message",
        "user": "U4B7HTH1Q",
        "text": "Should be good now, try pushing again",
        "ts": "1489369662.335258"
    },
    {
        "type": "message",
        "subtype": "file_share",
        "text": "<@U4BU0EJQ7|grace_s3558319> uploaded a file: <https:\/\/sept-copsicus.slack.com\/files\/grace_s3558319\/F4H677FHR\/pasted_image_at_2017_03_13_12_47_pm.png|Pasted image at 2017-03-13, 12:47 PM>",
        "file": {
            "id": "F4H677FHR",
            "created": 1489369663,
            "timestamp": 1489369663,
            "name": "Pasted image at 2017_03_13 12_47 PM.png",
            "title": "Pasted image at 2017-03-13, 12:47 PM",
            "mimetype": "image\/png",
            "filetype": "png",
            "pretty_type": "PNG",
            "user": "U4BU0EJQ7",
            "editable": false,
            "size": 4374,
            "mode": "hosted",
            "is_external": false,
            "external_type": "",
            "is_public": true,
            "public_url_shared": false,
            "display_as_bot": false,
            "username": "",
            "url_private": "https:\/\/files.slack.com\/files-pri\/T4BA4NFCM-F4H677FHR\/pasted_image_at_2017_03_13_12_47_pm.png?t=xoxe-147344763429-166727741332-166011075329-a43af65f36",
            "url_private_download": "https:\/\/files.slack.com\/files-pri\/T4BA4NFCM-F4H677FHR\/download\/pasted_image_at_2017_03_13_12_47_pm.png?t=xoxe-147344763429-166727741332-166011075329-a43af65f36",
            "thumb_64": "https:\/\/files.slack.com\/files-tmb\/T4BA4NFCM-F4H677FHR-63ccc9d78f\/pasted_image_at_2017_03_13_12_47_pm_64.png?t=xoxe-147344763429-166727741332-166011075329-a43af65f36",
            "thumb_80": "https:\/\/files.slack.com\/files-tmb\/T4BA4NFCM-F4H677FHR-63ccc9d78f\/pasted_image_at_2017_03_13_12_47_pm_80.png?t=xoxe-147344763429-166727741332-166011075329-a43af65f36",
            "thumb_360": "https:\/\/files.slack.com\/files-tmb\/T4BA4NFCM-F4H677FHR-63ccc9d78f\/pasted_image_at_2017_03_13_12_47_pm_360.png?t=xoxe-147344763429-166727741332-166011075329-a43af65f36",
            "thumb_360_w": 275,
            "thumb_360_h": 141,
            "thumb_160": "https:\/\/files.slack.com\/files-tmb\/T4BA4NFCM-F4H677FHR-63ccc9d78f\/pasted_image_at_2017_03_13_12_47_pm_160.png?t=xoxe-147344763429-166727741332-166011075329-a43af65f36",
            "image_exif_rotation": 1,
            "original_w": 275,
            "original_h": 141,
            "permalink": "https:\/\/sept-copsicus.slack.com\/files\/grace_s3558319\/F4H677FHR\/pasted_image_at_2017_03_13_12_47_pm.png",
            "permalink_public": "https:\/\/slack-files.com\/T4BA4NFCM-F4H677FHR-e348fea2e4",
            "channels": [
                "C4B5HF727"
            ],
            "groups": [],
            "ims": [],
            "comments_count": 0
        },
        "user": "U4BU0EJQ7",
        "upload": true,
        "display_as_bot": false,
        "username": "grace_s3558319",
        "bot_id": null,
        "ts": "1489369664.335499"
    },
    {
        "type": "message",
        "user": "U4BU0EJQ7",
        "text": "yup will do",
        "ts": "1489369670.336139"
    },
    {
        "type": "message",
        "user": "U4BU0EJQ7",
        "text": "i used the bin earlier",
        "ts": "1489369676.336715"
    },
    {
        "type": "message",
        "user": "U4BU0EJQ7",
        "text": "hmm still",
        "ts": "1489369714.340743"
    },
    {
        "type": "message",
        "user": "U4B7HTH1Q",
        "text": "wtf... it's still showing old profile LOL",
        "ts": "1489369725.341847"
    },
    {
        "type": "message",
        "subtype": "file_share",
        "text": "<@U4BU0EJQ7|grace_s3558319> uploaded a file: <https:\/\/sept-copsicus.slack.com\/files\/grace_s3558319\/F4GGV3SGY\/pasted_image_at_2017_03_13_12_49_pm.png|Pasted image at 2017-03-13, 12:49 PM>",
        "file": {
            "id": "F4GGV3SGY",
            "created": 1489369745,
            "timestamp": 1489369745,
            "name": "Pasted image at 2017_03_13 12_49 PM.png",
            "title": "Pasted image at 2017-03-13, 12:49 PM",
            "mimetype": "image\/png",
            "filetype": "png",
            "pretty_type": "PNG",
            "user": "U4BU0EJQ7",
            "editable": false,
            "size": 65629,
            "mode": "hosted",
            "is_external": false,
            "external_type": "",
            "is_public": true,
            "public_url_shared": false,
            "display_as_bot": false,
            "username": "",
            "url_private": "https:\/\/files.slack.com\/files-pri\/T4BA4NFCM-F4GGV3SGY\/pasted_image_at_2017_03_13_12_49_pm.png?t=xoxe-147344763429-166727741332-166011075329-a43af65f36",
            "url_private_download": "https:\/\/files.slack.com\/files-pri\/T4BA4NFCM-F4GGV3SGY\/download\/pasted_image_at_2017_03_13_12_49_pm.png?t=xoxe-147344763429-166727741332-166011075329-a43af65f36",
            "thumb_64": "https:\/\/files.slack.com\/files-tmb\/T4BA4NFCM-F4GGV3SGY-655bbad9e3\/pasted_image_at_2017_03_13_12_49_pm_64.png?t=xoxe-147344763429-166727741332-166011075329-a43af65f36",
            "thumb_80": "https:\/\/files.slack.com\/files-tmb\/T4BA4NFCM-F4GGV3SGY-655bbad9e3\/pasted_image_at_2017_03_13_12_49_pm_80.png?t=xoxe-147344763429-166727741332-166011075329-a43af65f36",
            "thumb_360": "https:\/\/files.slack.com\/files-tmb\/T4BA4NFCM-F4GGV3SGY-655bbad9e3\/pasted_image_at_2017_03_13_12_49_pm_360.png?t=xoxe-147344763429-166727741332-166011075329-a43af65f36",
            "thumb_360_w": 360,
            "thumb_360_h": 231,
            "thumb_480": "https:\/\/files.slack.com\/files-tmb\/T4BA4NFCM-F4GGV3SGY-655bbad9e3\/pasted_image_at_2017_03_13_12_49_pm_480.png?t=xoxe-147344763429-166727741332-166011075329-a43af65f36",
            "thumb_480_w": 480,
            "thumb_480_h": 308,
            "thumb_160": "https:\/\/files.slack.com\/files-tmb\/T4BA4NFCM-F4GGV3SGY-655bbad9e3\/pasted_image_at_2017_03_13_12_49_pm_160.png?t=xoxe-147344763429-166727741332-166011075329-a43af65f36",
            "image_exif_rotation": 1,
            "original_w": 570,
            "original_h": 366,
            "permalink": "https:\/\/sept-copsicus.slack.com\/files\/grace_s3558319\/F4GGV3SGY\/pasted_image_at_2017_03_13_12_49_pm.png",
            "permalink_public": "https:\/\/slack-files.com\/T4BA4NFCM-F4GGV3SGY-bae69965dd",
            "channels": [
                "C4B5HF727"
            ],
            "groups": [],
            "ims": [],
            "comments_count": 0
        },
        "user": "U4BU0EJQ7",
        "upload": true,
        "display_as_bot": false,
        "username": "grace_s3558319",
        "bot_id": null,
        "ts": "1489369747.344148"
    },
    {
        "type": "message",
        "user": "U4BU0EJQ7",
        "text": "but i’ve checked the email....",
        "ts": "1489369757.345243"
    },
    {
        "type": "message",
        "user": "U4BU0EJQ7",
        "text": "maybe I have to rename the branch?",
        "ts": "1489369768.346443"
    },
    {
        "type": "message",
        "user": "U4B7HTH1Q",
        "text": "did you do\n`git pull`",
        "ts": "1489369777.347400"
    },
    {
        "type": "message",
        "user": "U4BU0EJQ7",
        "text": "from where?",
        "ts": "1489369788.348572"
    },
    {
        "type": "message",
        "user": "U4BU0EJQ7",
        "text": "the master or the branch?",
        "ts": "1489369794.349127"
    },
    {
        "type": "message",
        "user": "U4B7HTH1Q",
        "text": "pull from master",
        "ts": "1489369805.350293"
    },
    {
        "type": "message",
        "user": "U4BU0EJQ7",
        "text": "yea long long ago",
        "ts": "1489369817.351545"
    },
    {
        "type": "message",
        "user": "U4BU0EJQ7",
        "text": "but i’ll do it again",
        "ts": "1489369822.352040"
    },
    {
        "type": "message",
        "user": "U4BU0EJQ7",
        "text": "Oh no that doesn’t look right",
        "ts": "1489369922.362378"
    },
    {
        "type": "message",
        "user": "U4BU0EJQ7",
        "text": "Damn… sorry for messing up lol",
        "ts": "1489369934.363521"
    },
    {
        "type": "message",
        "user": "U4B7HTH1Q",
        "text": "It's still showing your old recognized profile",
        "ts": "1489369940.364251"
    },
    {
        "type": "message",
        "user": "U4B7HTH1Q",
        "text": "But it worked for the commit earlier",
        "ts": "1489369954.365627"
    },
    {
        "type": "message",
        "user": "U4B7HTH1Q",
        "text": "Did you change anything? LOL",
        "ts": "1489369957.365943"
    },
    {
        "type": "message",
        "user": "U4BU0EJQ7",
        "text": "no",
        "ts": "1489369962.366494"
    },
    {
        "type": "message",
        "user": "U4BU0EJQ7",
        "text": "wtf",
        "ts": "1489369964.366710"
    },
    {
        "type": "message",
        "user": "U4BU0EJQ7",
        "text": "let me try to fix this shit",
        "ts": "1489370002.371271"
    },
    {
        "type": "message",
        "user": "U4BU0EJQ7",
        "text": "how did u commit to delete branch",
        "ts": "1489370112.383624"
    },
    {
        "type": "message",
        "user": "U4B7HTH1Q",
        "text": "Me?",
        "ts": "1489370127.385451"
    },
    {
        "type": "message",
        "user": "U4BU0EJQ7",
        "text": "yea",
        "ts": "1489370132.386037"
    },
    {
        "type": "message",
        "user": "U4BU0EJQ7",
        "text": "or did u click on the bin too?",
        "ts": "1489370138.386807"
    },
    {
        "type": "message",
        "user": "U4B7HTH1Q",
        "text": "I don't see the branches in Git",
        "edited": {
            "user": "U4B7HTH1Q",
            "ts": "1489370289.000000"
        },
        "ts": "1489370276.402220"
    },
    {
        "type": "message",
        "user": "U4B7HTH1Q",
        "text": "so I clicked the bin icon",
        "ts": "1489370281.402724"
    },
    {
        "type": "message",
        "user": "U4B7HTH1Q",
        "text": "It's the same thing",
        "ts": "1489370294.404149"
    },
    {
        "type": "message",
        "user": "U4BU0EJQ7",
        "text": "yup thanks",
        "ts": "1489370298.404762"
    },
    {
        "type": "message",
        "user": "U4BU0EJQ7",
        "text": "phew",
        "ts": "1489370593.440152"
    },
    {
        "type": "message",
        "user": "U4BU0EJQ7",
        "text": "done",
        "ts": "1489370602.441430"
    },
    {
        "type": "message",
        "user": "U4B7HTH1Q",
        "text": "Looks good!",
        "ts": "1489370769.460665"
    },
    {
        "type": "message",
        "user": "U4BU0EJQ7",
        "text": "Thanks Ervin!!!!",
        "ts": "1489370777.461642"
    },
    {
        "type": "message",
        "user": "U4BU0EJQ7",
        "text": "Luckily you found out my ridiculous Grace@Grace.local",
        "ts": "1489370808.465278"
    },
    {
        "type": "message",
        "user": "U4BU0EJQ7",
        "text": "otherwise I might just be unrecognised throughout",
        "ts": "1489370824.467037"
    }
]