[
    {
        "type": "message",
        "user": "U4BU0EJQ7",
        "text": "Hi fam I’m back:grimacing:",
        "ts": "1491721947.794305"
    },
    {
        "type": "message",
        "user": "U4BU0EJQ7",
        "text": "Great job Paul:laughing:",
        "ts": "1491721960.794751"
    },
    {
        "type": "message",
        "user": "U4BU0EJQ7",
        "text": "I’ve just fixed booking summary on business dashboard:\n1. booking summary only shows booking from ‘today’ onwards\n2. new bookings made today is implemented",
        "ts": "1491722084.799870"
    },
    {
        "type": "message",
        "user": "U4B7HTH1Q",
        "text": "Awesome work team!",
        "ts": "1491722096.800298"
    },
    {
        "type": "message",
        "user": "U4BU0EJQ7",
        "text": "I’ll finish all the integration by tonight and so paul can run full tests on the app",
        "ts": "1491722137.802088"
    },
    {
        "type": "message",
        "user": "U4B7HTH1Q",
        "text": "Yeah, we'll do a full check on the source code tonight and push everything to master and then we can do a draft submission on Blackboard",
        "edited": {
            "user": "U4B7HTH1Q",
            "ts": "1491722205.000000"
        },
        "ts": "1491722197.804576"
    },
    {
        "type": "message",
        "user": "U4BU0EJQ7",
        "text": "awesome",
        "ts": "1491722216.805319"
    },
    {
        "type": "message",
        "user": "U4BBG61A8",
        "text": "Great guys! Sorry im working now, in fact on my break :slightly_smiling_face:,  but as soon as im back home , i'll run what is left",
        "ts": "1491728028.059342"
    },
    {
        "type": "message",
        "user": "U4BU0EJQ7",
        "text": "no worries",
        "ts": "1491728090.061964"
    },
    {
        "type": "message",
        "user": "U4BU0EJQ7",
        "text": "i’ll try to finish all implementation by the time you finish work",
        "ts": "1491728104.062532"
    },
    {
        "type": "message",
        "user": "U4BBG61A8",
        "text": "Cool!,",
        "ts": "1491728280.070582"
    },
    {
        "type": "message",
        "user": "U4BU0EJQ7",
        "text": "GOOD NEWS!!!",
        "ts": "1491737931.508452"
    },
    {
        "type": "message",
        "user": "U4BU0EJQ7",
        "text": "IT SEEMS TO ME ALL THE FUNCTIONALITIES NEEDED FOR PART A ARE DONE",
        "ts": "1491737951.509363"
    },
    {
        "type": "message",
        "user": "U4BU0EJQ7",
        "text": "power of cap letters haha",
        "ts": "1491737959.509784"
    },
    {
        "type": "message",
        "user": "U4BU0EJQ7",
        "text": "pls play around with the app and let me know if there’s any issue",
        "ts": "1491737973.510418"
    },
    {
        "type": "message",
        "user": "U4B7HTH1Q",
        "text": "The powah!",
        "ts": "1491737973.510451"
    },
    {
        "type": "message",
        "user": "U4BU0EJQ7",
        "text": "just double check double check and triple check",
        "ts": "1491737992.511315"
    },
    {
        "type": "message",
        "user": "U4BU0EJQ7",
        "text": "i might miss out something",
        "ts": "1491737999.511660"
    },
    {
        "type": "message",
        "user": "U4BU0EJQ7",
        "text": "OMG <@U4BBG61A8>  love the installation doc!!!",
        "ts": "1491738149.518793"
    },
    {
        "type": "message",
        "subtype": "file_share",
        "text": "<@U4BU0EJQ7|grace_s3558319> uploaded a file: <https:\/\/sept-copsicus.slack.com\/files\/grace_s3558319\/F4WHXEM8T\/pasted_image_at_2017_04_09_09_49_pm.png|Pasted image at 2017-04-09, 9:49 PM>",
        "file": {
            "id": "F4WHXEM8T",
            "created": 1491738560,
            "timestamp": 1491738560,
            "name": "Pasted image at 2017_04_09 09_49 PM.png",
            "title": "Pasted image at 2017-04-09, 9:49 PM",
            "mimetype": "image\/png",
            "filetype": "png",
            "pretty_type": "PNG",
            "user": "U4BU0EJQ7",
            "editable": false,
            "size": 283164,
            "mode": "hosted",
            "is_external": false,
            "external_type": "",
            "is_public": true,
            "public_url_shared": false,
            "display_as_bot": false,
            "username": "",
            "url_private": "https:\/\/files.slack.com\/files-pri\/T4BA4NFCM-F4WHXEM8T\/pasted_image_at_2017_04_09_09_49_pm.png?t=xoxe-147344763429-166727741332-166011075329-a43af65f36",
            "url_private_download": "https:\/\/files.slack.com\/files-pri\/T4BA4NFCM-F4WHXEM8T\/download\/pasted_image_at_2017_04_09_09_49_pm.png?t=xoxe-147344763429-166727741332-166011075329-a43af65f36",
            "thumb_64": "https:\/\/files.slack.com\/files-tmb\/T4BA4NFCM-F4WHXEM8T-b80bc2ed43\/pasted_image_at_2017_04_09_09_49_pm_64.png?t=xoxe-147344763429-166727741332-166011075329-a43af65f36",
            "thumb_80": "https:\/\/files.slack.com\/files-tmb\/T4BA4NFCM-F4WHXEM8T-b80bc2ed43\/pasted_image_at_2017_04_09_09_49_pm_80.png?t=xoxe-147344763429-166727741332-166011075329-a43af65f36",
            "thumb_360": "https:\/\/files.slack.com\/files-tmb\/T4BA4NFCM-F4WHXEM8T-b80bc2ed43\/pasted_image_at_2017_04_09_09_49_pm_360.png?t=xoxe-147344763429-166727741332-166011075329-a43af65f36",
            "thumb_360_w": 360,
            "thumb_360_h": 210,
            "thumb_480": "https:\/\/files.slack.com\/files-tmb\/T4BA4NFCM-F4WHXEM8T-b80bc2ed43\/pasted_image_at_2017_04_09_09_49_pm_480.png?t=xoxe-147344763429-166727741332-166011075329-a43af65f36",
            "thumb_480_w": 480,
            "thumb_480_h": 280,
            "thumb_160": "https:\/\/files.slack.com\/files-tmb\/T4BA4NFCM-F4WHXEM8T-b80bc2ed43\/pasted_image_at_2017_04_09_09_49_pm_160.png?t=xoxe-147344763429-166727741332-166011075329-a43af65f36",
            "thumb_720": "https:\/\/files.slack.com\/files-tmb\/T4BA4NFCM-F4WHXEM8T-b80bc2ed43\/pasted_image_at_2017_04_09_09_49_pm_720.png?t=xoxe-147344763429-166727741332-166011075329-a43af65f36",
            "thumb_720_w": 720,
            "thumb_720_h": 420,
            "thumb_800": "https:\/\/files.slack.com\/files-tmb\/T4BA4NFCM-F4WHXEM8T-b80bc2ed43\/pasted_image_at_2017_04_09_09_49_pm_800.png?t=xoxe-147344763429-166727741332-166011075329-a43af65f36",
            "thumb_800_w": 800,
            "thumb_800_h": 467,
            "thumb_960": "https:\/\/files.slack.com\/files-tmb\/T4BA4NFCM-F4WHXEM8T-b80bc2ed43\/pasted_image_at_2017_04_09_09_49_pm_960.png?t=xoxe-147344763429-166727741332-166011075329-a43af65f36",
            "thumb_960_w": 960,
            "thumb_960_h": 560,
            "thumb_1024": "https:\/\/files.slack.com\/files-tmb\/T4BA4NFCM-F4WHXEM8T-b80bc2ed43\/pasted_image_at_2017_04_09_09_49_pm_1024.png?t=xoxe-147344763429-166727741332-166011075329-a43af65f36",
            "thumb_1024_w": 1024,
            "thumb_1024_h": 597,
            "image_exif_rotation": 1,
            "original_w": 1104,
            "original_h": 644,
            "permalink": "https:\/\/sept-copsicus.slack.com\/files\/grace_s3558319\/F4WHXEM8T\/pasted_image_at_2017_04_09_09_49_pm.png",
            "permalink_public": "https:\/\/slack-files.com\/T4BA4NFCM-F4WHXEM8T-45e9783795",
            "channels": [
                "C4B5HF727"
            ],
            "groups": [],
            "ims": [],
            "comments_count": 0
        },
        "user": "U4BU0EJQ7",
        "upload": true,
        "display_as_bot": false,
        "username": "grace_s3558319",
        "bot_id": null,
        "ts": "1491738562.538287"
    },
    {
        "type": "message",
        "subtype": "file_share",
        "text": "<@U4BU0EJQ7|grace_s3558319> uploaded a file: <https:\/\/sept-copsicus.slack.com\/files\/grace_s3558319\/F4XAV9VDM\/pasted_image_at_2017_04_09_09_49_pm.png|Pasted image at 2017-04-09, 9:49 PM>",
        "file": {
            "id": "F4XAV9VDM",
            "created": 1491738570,
            "timestamp": 1491738570,
            "name": "Pasted image at 2017_04_09 09_49 PM.png",
            "title": "Pasted image at 2017-04-09, 9:49 PM",
            "mimetype": "image\/png",
            "filetype": "png",
            "pretty_type": "PNG",
            "user": "U4BU0EJQ7",
            "editable": false,
            "size": 208062,
            "mode": "hosted",
            "is_external": false,
            "external_type": "",
            "is_public": true,
            "public_url_shared": false,
            "display_as_bot": false,
            "username": "",
            "url_private": "https:\/\/files.slack.com\/files-pri\/T4BA4NFCM-F4XAV9VDM\/pasted_image_at_2017_04_09_09_49_pm.png?t=xoxe-147344763429-166727741332-166011075329-a43af65f36",
            "url_private_download": "https:\/\/files.slack.com\/files-pri\/T4BA4NFCM-F4XAV9VDM\/download\/pasted_image_at_2017_04_09_09_49_pm.png?t=xoxe-147344763429-166727741332-166011075329-a43af65f36",
            "thumb_64": "https:\/\/files.slack.com\/files-tmb\/T4BA4NFCM-F4XAV9VDM-feb1217379\/pasted_image_at_2017_04_09_09_49_pm_64.png?t=xoxe-147344763429-166727741332-166011075329-a43af65f36",
            "thumb_80": "https:\/\/files.slack.com\/files-tmb\/T4BA4NFCM-F4XAV9VDM-feb1217379\/pasted_image_at_2017_04_09_09_49_pm_80.png?t=xoxe-147344763429-166727741332-166011075329-a43af65f36",
            "thumb_360": "https:\/\/files.slack.com\/files-tmb\/T4BA4NFCM-F4XAV9VDM-feb1217379\/pasted_image_at_2017_04_09_09_49_pm_360.png?t=xoxe-147344763429-166727741332-166011075329-a43af65f36",
            "thumb_360_w": 360,
            "thumb_360_h": 196,
            "thumb_480": "https:\/\/files.slack.com\/files-tmb\/T4BA4NFCM-F4XAV9VDM-feb1217379\/pasted_image_at_2017_04_09_09_49_pm_480.png?t=xoxe-147344763429-166727741332-166011075329-a43af65f36",
            "thumb_480_w": 480,
            "thumb_480_h": 261,
            "thumb_160": "https:\/\/files.slack.com\/files-tmb\/T4BA4NFCM-F4XAV9VDM-feb1217379\/pasted_image_at_2017_04_09_09_49_pm_160.png?t=xoxe-147344763429-166727741332-166011075329-a43af65f36",
            "thumb_720": "https:\/\/files.slack.com\/files-tmb\/T4BA4NFCM-F4XAV9VDM-feb1217379\/pasted_image_at_2017_04_09_09_49_pm_720.png?t=xoxe-147344763429-166727741332-166011075329-a43af65f36",
            "thumb_720_w": 720,
            "thumb_720_h": 392,
            "thumb_800": "https:\/\/files.slack.com\/files-tmb\/T4BA4NFCM-F4XAV9VDM-feb1217379\/pasted_image_at_2017_04_09_09_49_pm_800.png?t=xoxe-147344763429-166727741332-166011075329-a43af65f36",
            "thumb_800_w": 800,
            "thumb_800_h": 435,
            "thumb_960": "https:\/\/files.slack.com\/files-tmb\/T4BA4NFCM-F4XAV9VDM-feb1217379\/pasted_image_at_2017_04_09_09_49_pm_960.png?t=xoxe-147344763429-166727741332-166011075329-a43af65f36",
            "thumb_960_w": 960,
            "thumb_960_h": 522,
            "thumb_1024": "https:\/\/files.slack.com\/files-tmb\/T4BA4NFCM-F4XAV9VDM-feb1217379\/pasted_image_at_2017_04_09_09_49_pm_1024.png?t=xoxe-147344763429-166727741332-166011075329-a43af65f36",
            "thumb_1024_w": 1024,
            "thumb_1024_h": 557,
            "image_exif_rotation": 1,
            "original_w": 1099,
            "original_h": 598,
            "permalink": "https:\/\/sept-copsicus.slack.com\/files\/grace_s3558319\/F4XAV9VDM\/pasted_image_at_2017_04_09_09_49_pm.png",
            "permalink_public": "https:\/\/slack-files.com\/T4BA4NFCM-F4XAV9VDM-a38a4e01b5",
            "channels": [
                "C4B5HF727"
            ],
            "groups": [],
            "ims": [],
            "comments_count": 0
        },
        "user": "U4BU0EJQ7",
        "upload": true,
        "display_as_bot": false,
        "username": "grace_s3558319",
        "bot_id": null,
        "ts": "1491738574.538854"
    },
    {
        "type": "message",
        "user": "U4B7HTH1Q",
        "text": "I did some of that already",
        "edited": {
            "user": "U4B7HTH1Q",
            "ts": "1491738593.000000"
        },
        "ts": "1491738583.539256"
    },
    {
        "type": "message",
        "user": "U4BU0EJQ7",
        "text": "awesome",
        "ts": "1491738598.539972"
    },
    {
        "type": "message",
        "user": "U4B7HTH1Q",
        "text": "I ported all our user stories to a PDF doc",
        "ts": "1491738601.540093"
    },
    {
        "type": "message",
        "user": "U4BU0EJQ7",
        "text": "yea I think i saw it in the completed wk7 list",
        "ts": "1491738626.541414"
    },
    {
        "type": "message",
        "user": "U4BU0EJQ7",
        "text": "do we have 2 yet?",
        "ts": "1491738647.542507"
    },
    {
        "type": "message",
        "user": "U4B7HTH1Q",
        "text": "no I don't think",
        "ts": "1491738672.543688"
    },
    {
        "type": "message",
        "user": "U4B7HTH1Q",
        "text": "we'll have to agree on the contributons",
        "ts": "1491738678.543984"
    },
    {
        "type": "message",
        "user": "U4B7HTH1Q",
        "text": "then add it to our README file",
        "ts": "1491738686.544317"
    },
    {
        "type": "message",
        "user": "U4BU0EJQ7",
        "text": "should it be in readme?",
        "ts": "1491738695.544771"
    },
    {
        "type": "message",
        "user": "U4BU0EJQ7",
        "text": "it was listed as second bulletpoint",
        "ts": "1491738723.546043"
    },
    {
        "type": "message",
        "user": "U4BU0EJQ7",
        "text": "but i guess it’d be fine to include in readme",
        "ts": "1491738734.546540"
    },
    {
        "type": "message",
        "user": "U4BU0EJQ7",
        "text": "wow bullet 11",
        "ts": "1491738864.553078"
    },
    {
        "type": "message",
        "user": "U4BU0EJQ7",
        "text": "i’m gonna have my dinner now.. will be back",
        "ts": "1491738955.557561"
    },
    {
        "type": "message",
        "user": "U4B7HTH1Q",
        "text": "I can't migrate the employees and rosters tables",
        "ts": "1491740641.642657"
    },
    {
        "type": "message",
        "user": "U4B7HTH1Q",
        "text": "it's not breaking the app or anything",
        "ts": "1491740660.643556"
    },
    {
        "type": "message",
        "user": "U4B7HTH1Q",
        "text": "it just means there won't be any sample data on employees and our roster",
        "ts": "1491740677.644409"
    },
    {
        "type": "message",
        "user": "U4BU0EJQ7",
        "text": "Oh migrate meaning seeder or php artisan migrate",
        "ts": "1491740696.645229"
    },
    {
        "type": "message",
        "user": "U4BU0EJQ7",
        "text": "Btw could you pls export slack to PDF?",
        "ts": "1491740710.645888"
    },
    {
        "type": "message",
        "user": "U4B7HTH1Q",
        "text": "migrating the seeder tables for employees and rosters",
        "ts": "1491740712.645976"
    },
    {
        "type": "message",
        "user": "U4BU0EJQ7",
        "text": "What was the error?",
        "ts": "1491740722.646496"
    },
    {
        "type": "message",
        "user": "U4B7HTH1Q",
        "text": "yeah sure",
        "ts": "1491740722.646524"
    },
    {
        "type": "message",
        "user": "U4BU0EJQ7",
        "text": "Thx",
        "ts": "1491740727.646750"
    },
    {
        "type": "message",
        "user": "U4BU0EJQ7",
        "text": "what does 11d mean?",
        "ts": "1491742090.716082"
    },
    {
        "type": "message",
        "user": "U4B7HTH1Q",
        "text": "I have already included it in our README file don't worry about it",
        "ts": "1491742121.717687"
    },
    {
        "type": "message",
        "user": "U4BU0EJQ7",
        "text": "cool",
        "ts": "1491742149.719191"
    },
    {
        "type": "message",
        "user": "U4BU0EJQ7",
        "text": "i’ll create pdf for meeting minutes and trello",
        "ts": "1491742180.721034"
    },
    {
        "type": "message",
        "user": "U4B7HTH1Q",
        "text": "already done",
        "ts": "1491742189.721454"
    },
    {
        "type": "message",
        "user": "U4BU0EJQ7",
        "text": "both yea?",
        "ts": "1491742193.721714"
    },
    {
        "type": "message",
        "user": "U4B7HTH1Q",
        "text": "yep",
        "ts": "1491742196.721881"
    },
    {
        "type": "message",
        "user": "U4BU0EJQ7",
        "text": "awesome",
        "ts": "1491742198.722010"
    },
    {
        "type": "message",
        "user": "U4BU0EJQ7",
        "text": "what else do we need",
        "ts": "1491742202.722279"
    },
    {
        "type": "message",
        "user": "U4B7HTH1Q",
        "text": "think we've got pretty much everything",
        "ts": "1491742992.767819"
    },
    {
        "type": "message",
        "user": "U4B7HTH1Q",
        "text": "what about contributions though",
        "ts": "1491742998.768214"
    },
    {
        "type": "message",
        "user": "U4B7HTH1Q",
        "text": "split even among all three?",
        "ts": "1491743002.768405"
    },
    {
        "type": "message",
        "user": "U4BU0EJQ7",
        "text": "yea maybe 33.3%",
        "ts": "1491743104.773966"
    },
    {
        "type": "message",
        "user": "U4BU0EJQ7",
        "text": "but we’ve missing 0.1%",
        "ts": "1491743112.774360"
    },
    {
        "type": "message",
        "user": "U4B7HTH1Q",
        "text": "lol, I'm pretty sure that doesn't matter",
        "ts": "1491743125.775126"
    },
    {
        "type": "message",
        "user": "U4BU0EJQ7",
        "text": "haha",
        "ts": "1491743131.775508"
    },
    {
        "type": "message",
        "user": "U4B7HTH1Q",
        "text": "it's understood that 33.3 * 3 is 100%",
        "ts": "1491743144.776177"
    },
    {
        "type": "message",
        "user": "U4B7HTH1Q",
        "text": "ok I just checked everything",
        "ts": "1491743156.776778"
    },
    {
        "type": "message",
        "user": "U4B7HTH1Q",
        "text": "All good. Except for the view roster part.",
        "ts": "1491743171.777607"
    },
    {
        "type": "message",
        "user": "U4BU0EJQ7",
        "text": "eh?",
        "ts": "1491743178.778154"
    },
    {
        "type": "message",
        "user": "U4BU0EJQ7",
        "text": "uh",
        "ts": "1491743180.778272"
    },
    {
        "type": "message",
        "user": "U4BU0EJQ7",
        "text": "coz u can’t run seeder",
        "ts": "1491743187.778662"
    },
    {
        "type": "message",
        "user": "U4BU0EJQ7",
        "text": "wut was the issue?",
        "ts": "1491743191.778871"
    },
    {
        "type": "message",
        "user": "U4BU0EJQ7",
        "text": "wut exception did u have",
        "ts": "1491743197.779216"
    },
    {
        "type": "message",
        "user": "U4B7HTH1Q",
        "text": "no it's a logic error",
        "ts": "1491743203.779571"
    },
    {
        "type": "message",
        "user": "U4B7HTH1Q",
        "text": "when I tried adding multiple work times",
        "ts": "1491743211.779949"
    },
    {
        "type": "message",
        "user": "U4B7HTH1Q",
        "text": "on a different date",
        "ts": "1491743219.780313"
    },
    {
        "type": "message",
        "user": "U4B7HTH1Q",
        "text": "it doesn't print out the date correctly",
        "ts": "1491743238.781377"
    },
    {
        "type": "message",
        "subtype": "file_share",
        "text": "<@U4B7HTH1Q|ervin_s3577844> uploaded a file: <https:\/\/sept-copsicus.slack.com\/files\/ervin_s3577844\/F4WJ4BJR1\/screenshot_2017-04-09_23.07.55.png|Screenshot 2017-04-09 23.07.55.png>",
        "file": {
            "id": "F4WJ4BJR1",
            "created": 1491743296,
            "timestamp": 1491743296,
            "name": "Screenshot 2017-04-09 23.07.55.png",
            "title": "Screenshot 2017-04-09 23.07.55.png",
            "mimetype": "image\/png",
            "filetype": "png",
            "pretty_type": "PNG",
            "user": "U4B7HTH1Q",
            "editable": false,
            "size": 176984,
            "mode": "hosted",
            "is_external": false,
            "external_type": "",
            "is_public": true,
            "public_url_shared": false,
            "display_as_bot": false,
            "username": "",
            "url_private": "https:\/\/files.slack.com\/files-pri\/T4BA4NFCM-F4WJ4BJR1\/screenshot_2017-04-09_23.07.55.png?t=xoxe-147344763429-166727741332-166011075329-a43af65f36",
            "url_private_download": "https:\/\/files.slack.com\/files-pri\/T4BA4NFCM-F4WJ4BJR1\/download\/screenshot_2017-04-09_23.07.55.png?t=xoxe-147344763429-166727741332-166011075329-a43af65f36",
            "thumb_64": "https:\/\/files.slack.com\/files-tmb\/T4BA4NFCM-F4WJ4BJR1-36535f21de\/screenshot_2017-04-09_23.07.55_64.png?t=xoxe-147344763429-166727741332-166011075329-a43af65f36",
            "thumb_80": "https:\/\/files.slack.com\/files-tmb\/T4BA4NFCM-F4WJ4BJR1-36535f21de\/screenshot_2017-04-09_23.07.55_80.png?t=xoxe-147344763429-166727741332-166011075329-a43af65f36",
            "thumb_360": "https:\/\/files.slack.com\/files-tmb\/T4BA4NFCM-F4WJ4BJR1-36535f21de\/screenshot_2017-04-09_23.07.55_360.png?t=xoxe-147344763429-166727741332-166011075329-a43af65f36",
            "thumb_360_w": 360,
            "thumb_360_h": 203,
            "thumb_480": "https:\/\/files.slack.com\/files-tmb\/T4BA4NFCM-F4WJ4BJR1-36535f21de\/screenshot_2017-04-09_23.07.55_480.png?t=xoxe-147344763429-166727741332-166011075329-a43af65f36",
            "thumb_480_w": 480,
            "thumb_480_h": 270,
            "thumb_160": "https:\/\/files.slack.com\/files-tmb\/T4BA4NFCM-F4WJ4BJR1-36535f21de\/screenshot_2017-04-09_23.07.55_160.png?t=xoxe-147344763429-166727741332-166011075329-a43af65f36",
            "thumb_720": "https:\/\/files.slack.com\/files-tmb\/T4BA4NFCM-F4WJ4BJR1-36535f21de\/screenshot_2017-04-09_23.07.55_720.png?t=xoxe-147344763429-166727741332-166011075329-a43af65f36",
            "thumb_720_w": 720,
            "thumb_720_h": 405,
            "thumb_800": "https:\/\/files.slack.com\/files-tmb\/T4BA4NFCM-F4WJ4BJR1-36535f21de\/screenshot_2017-04-09_23.07.55_800.png?t=xoxe-147344763429-166727741332-166011075329-a43af65f36",
            "thumb_800_w": 800,
            "thumb_800_h": 450,
            "thumb_960": "https:\/\/files.slack.com\/files-tmb\/T4BA4NFCM-F4WJ4BJR1-36535f21de\/screenshot_2017-04-09_23.07.55_960.png?t=xoxe-147344763429-166727741332-166011075329-a43af65f36",
            "thumb_960_w": 960,
            "thumb_960_h": 540,
            "thumb_1024": "https:\/\/files.slack.com\/files-tmb\/T4BA4NFCM-F4WJ4BJR1-36535f21de\/screenshot_2017-04-09_23.07.55_1024.png?t=xoxe-147344763429-166727741332-166011075329-a43af65f36",
            "thumb_1024_w": 1024,
            "thumb_1024_h": 576,
            "image_exif_rotation": 1,
            "original_w": 3200,
            "original_h": 1800,
            "permalink": "https:\/\/sept-copsicus.slack.com\/files\/ervin_s3577844\/F4WJ4BJR1\/screenshot_2017-04-09_23.07.55.png",
            "permalink_public": "https:\/\/slack-files.com\/T4BA4NFCM-F4WJ4BJR1-5ed1c90e03",
            "channels": [
                "C4B5HF727"
            ],
            "groups": [],
            "ims": [],
            "comments_count": 0
        },
        "user": "U4B7HTH1Q",
        "upload": true,
        "display_as_bot": false,
        "username": "ervin_s3577844",
        "bot_id": null,
        "ts": "1491743299.784764"
    },
    {
        "type": "message",
        "user": "U4BU0EJQ7",
        "text": "have u pulled the newest code?",
        "ts": "1491743335.786613"
    },
    {
        "type": "message",
        "user": "U4BU0EJQ7",
        "text": "that should have been fixed in the last commit",
        "ts": "1491743346.787144"
    },
    {
        "type": "message",
        "user": "U4B7HTH1Q",
        "text": "Yes, I'm running on latest code",
        "ts": "1491743364.788153"
    },
    {
        "type": "message",
        "user": "U4BU0EJQ7",
        "text": "so now it updates the roster if the shift has been rostered",
        "ts": "1491743367.788321"
    },
    {
        "type": "message",
        "user": "U4BU0EJQ7",
        "text": "so ur rosters were added by the add working time page yea?",
        "ts": "1491743447.792959"
    },
    {
        "type": "message",
        "user": "U4B7HTH1Q",
        "text": "yes",
        "ts": "1491743456.793461"
    },
    {
        "type": "message",
        "subtype": "file_share",
        "text": "<@U4BU0EJQ7|grace_s3558319> uploaded a file: <https:\/\/sept-copsicus.slack.com\/files\/grace_s3558319\/F4XASCBP0\/pasted_image_at_2017_04_09_11_11_pm.png|Pasted image at 2017-04-09, 11:11 PM>",
        "file": {
            "id": "F4XASCBP0",
            "created": 1491743480,
            "timestamp": 1491743480,
            "name": "Pasted image at 2017_04_09 11_11 PM.png",
            "title": "Pasted image at 2017-04-09, 11:11 PM",
            "mimetype": "image\/png",
            "filetype": "png",
            "pretty_type": "PNG",
            "user": "U4BU0EJQ7",
            "editable": false,
            "size": 37151,
            "mode": "hosted",
            "is_external": false,
            "external_type": "",
            "is_public": true,
            "public_url_shared": false,
            "display_as_bot": false,
            "username": "",
            "url_private": "https:\/\/files.slack.com\/files-pri\/T4BA4NFCM-F4XASCBP0\/pasted_image_at_2017_04_09_11_11_pm.png?t=xoxe-147344763429-166727741332-166011075329-a43af65f36",
            "url_private_download": "https:\/\/files.slack.com\/files-pri\/T4BA4NFCM-F4XASCBP0\/download\/pasted_image_at_2017_04_09_11_11_pm.png?t=xoxe-147344763429-166727741332-166011075329-a43af65f36",
            "thumb_64": "https:\/\/files.slack.com\/files-tmb\/T4BA4NFCM-F4XASCBP0-7b66470fdf\/pasted_image_at_2017_04_09_11_11_pm_64.png?t=xoxe-147344763429-166727741332-166011075329-a43af65f36",
            "thumb_80": "https:\/\/files.slack.com\/files-tmb\/T4BA4NFCM-F4XASCBP0-7b66470fdf\/pasted_image_at_2017_04_09_11_11_pm_80.png?t=xoxe-147344763429-166727741332-166011075329-a43af65f36",
            "thumb_360": "https:\/\/files.slack.com\/files-tmb\/T4BA4NFCM-F4XASCBP0-7b66470fdf\/pasted_image_at_2017_04_09_11_11_pm_360.png?t=xoxe-147344763429-166727741332-166011075329-a43af65f36",
            "thumb_360_w": 360,
            "thumb_360_h": 87,
            "thumb_480": "https:\/\/files.slack.com\/files-tmb\/T4BA4NFCM-F4XASCBP0-7b66470fdf\/pasted_image_at_2017_04_09_11_11_pm_480.png?t=xoxe-147344763429-166727741332-166011075329-a43af65f36",
            "thumb_480_w": 480,
            "thumb_480_h": 116,
            "thumb_160": "https:\/\/files.slack.com\/files-tmb\/T4BA4NFCM-F4XASCBP0-7b66470fdf\/pasted_image_at_2017_04_09_11_11_pm_160.png?t=xoxe-147344763429-166727741332-166011075329-a43af65f36",
            "thumb_720": "https:\/\/files.slack.com\/files-tmb\/T4BA4NFCM-F4XASCBP0-7b66470fdf\/pasted_image_at_2017_04_09_11_11_pm_720.png?t=xoxe-147344763429-166727741332-166011075329-a43af65f36",
            "thumb_720_w": 720,
            "thumb_720_h": 173,
            "thumb_800": "https:\/\/files.slack.com\/files-tmb\/T4BA4NFCM-F4XASCBP0-7b66470fdf\/pasted_image_at_2017_04_09_11_11_pm_800.png?t=xoxe-147344763429-166727741332-166011075329-a43af65f36",
            "thumb_800_w": 800,
            "thumb_800_h": 193,
            "thumb_960": "https:\/\/files.slack.com\/files-tmb\/T4BA4NFCM-F4XASCBP0-7b66470fdf\/pasted_image_at_2017_04_09_11_11_pm_960.png?t=xoxe-147344763429-166727741332-166011075329-a43af65f36",
            "thumb_960_w": 960,
            "thumb_960_h": 231,
            "image_exif_rotation": 1,
            "original_w": 1014,
            "original_h": 244,
            "permalink": "https:\/\/sept-copsicus.slack.com\/files\/grace_s3558319\/F4XASCBP0\/pasted_image_at_2017_04_09_11_11_pm.png",
            "permalink_public": "https:\/\/slack-files.com\/T4BA4NFCM-F4XASCBP0-9b3fcd9167",
            "channels": [
                "C4B5HF727"
            ],
            "groups": [],
            "ims": [],
            "comments_count": 0
        },
        "user": "U4BU0EJQ7",
        "upload": true,
        "display_as_bot": false,
        "username": "grace_s3558319",
        "bot_id": null,
        "ts": "1491743482.794748"
    },
    {
        "type": "message",
        "user": "U4BU0EJQ7",
        "text": "try truncate ur roster table and do again",
        "ts": "1491743498.795652"
    },
    {
        "type": "message",
        "user": "U4BU0EJQ7",
        "text": "coz i’ve just fixed it",
        "ts": "1491743518.796770"
    },
    {
        "type": "message",
        "user": "U4BU0EJQ7",
        "text": "if u’ve any data before the fix",
        "ts": "1491743525.797102"
    },
    {
        "type": "message",
        "user": "U4BU0EJQ7",
        "text": "it’d be duplicates",
        "ts": "1491743529.797310"
    },
    {
        "type": "message",
        "user": "U4B7HTH1Q",
        "text": "nah, I did a fresh installation",
        "ts": "1491743627.802668"
    },
    {
        "type": "message",
        "user": "U4BU0EJQ7",
        "text": "Easiest way, probably run all commands in announcements and screenshot me the error u have",
        "ts": "1491743629.802755"
    },
    {
        "type": "message",
        "user": "U4B7HTH1Q",
        "text": "after I pulled the newest changes",
        "ts": "1491743638.803245"
    },
    {
        "type": "message",
        "user": "U4B7HTH1Q",
        "text": "then I ran the db:seed commands",
        "ts": "1491743645.803673"
    },
    {
        "type": "message",
        "user": "U4BU0EJQ7",
        "text": "yup wut error",
        "ts": "1491743654.804097"
    },
    {
        "type": "message",
        "user": "U4B7HTH1Q",
        "text": "even reset the migrations",
        "ts": "1491743657.804271"
    },
    {
        "type": "message",
        "user": "U4B7HTH1Q",
        "text": "EmployeesSeederTable not found",
        "ts": "1491743666.804908"
    },
    {
        "type": "message",
        "user": "U4B7HTH1Q",
        "text": "RostersSeederTable not found",
        "ts": "1491743673.805372"
    },
    {
        "type": "message",
        "user": "U4BU0EJQ7",
        "text": "oh lol",
        "ts": "1491743683.805881"
    },
    {
        "type": "message",
        "user": "U4BU0EJQ7",
        "text": "my bad",
        "ts": "1491743689.806138"
    },
    {
        "type": "message",
        "user": "U4BU0EJQ7",
        "text": "wait no",
        "ts": "1491743697.806616"
    },
    {
        "type": "message",
        "user": "U4BU0EJQ7",
        "text": "the command was correct",
        "ts": "1491743703.806940"
    },
    {
        "type": "message",
        "user": "U4BU0EJQ7",
        "text": "it should be EmployeesTableSeeder",
        "ts": "1491743713.807563"
    },
    {
        "type": "message",
        "user": "U4BU0EJQ7",
        "text": "and RostersTableSeeder",
        "ts": "1491743720.808011"
    },
    {
        "type": "message",
        "user": "U4BU0EJQ7",
        "text": "do u have those files tho",
        "ts": "1491743726.808362"
    },
    {
        "type": "message",
        "user": "U4B7HTH1Q",
        "text": "files?",
        "ts": "1491743737.809061"
    },
    {
        "type": "message",
        "user": "U4B7HTH1Q",
        "text": "I ran EmployeesTableSeeder",
        "ts": "1491743757.810219"
    },
    {
        "type": "message",
        "user": "U4B7HTH1Q",
        "text": "and it said it was not found",
        "ts": "1491743761.810473"
    },
    {
        "type": "message",
        "user": "U4BU0EJQ7",
        "text": "i mean",
        "ts": "1491743766.810696"
    },
    {
        "type": "message",
        "user": "U4BU0EJQ7",
        "text": "can u see it in the database seeder",
        "ts": "1491743775.811127"
    },
    {
        "type": "message",
        "user": "U4B7HTH1Q",
        "text": "yes the seeder is there",
        "ts": "1491743790.811950"
    },
    {
        "type": "message",
        "user": "U4BU0EJQ7",
        "text": "then idk",
        "ts": "1491743797.812342"
    },
    {
        "type": "message",
        "user": "U4BU0EJQ7",
        "text": "you ran these right?\n\nphp artisan db:seed --class=EmployeesTableSeeder\nphp artisan db:seed --class=RostersTableSeeder",
        "ts": "1491743819.813471"
    },
    {
        "type": "message",
        "user": "U4B7HTH1Q",
        "text": "yep",
        "ts": "1491743862.815848"
    },
    {
        "type": "message",
        "user": "U4BU0EJQ7",
        "text": "i’ve no idea wut’s going on",
        "ts": "1491743933.819639"
    },
    {
        "type": "message",
        "user": "U4BU0EJQ7",
        "text": "maybe we can have a looking during tmr’s lecture",
        "ts": "1491743948.820332"
    },
    {
        "type": "message",
        "subtype": "file_share",
        "text": "<@U4B7HTH1Q|ervin_s3577844> uploaded a file: <https:\/\/sept-copsicus.slack.com\/files\/ervin_s3577844\/F4WJ5CN03\/screenshot_2017-04-09_23.18.45.png|Screenshot 2017-04-09 23.18.45.png>",
        "file": {
            "id": "F4WJ5CN03",
            "created": 1491743945,
            "timestamp": 1491743945,
            "name": "Screenshot 2017-04-09 23.18.45.png",
            "title": "Screenshot 2017-04-09 23.18.45.png",
            "mimetype": "image\/png",
            "filetype": "png",
            "pretty_type": "PNG",
            "user": "U4B7HTH1Q",
            "editable": false,
            "size": 303560,
            "mode": "hosted",
            "is_external": false,
            "external_type": "",
            "is_public": true,
            "public_url_shared": false,
            "display_as_bot": false,
            "username": "",
            "url_private": "https:\/\/files.slack.com\/files-pri\/T4BA4NFCM-F4WJ5CN03\/screenshot_2017-04-09_23.18.45.png?t=xoxe-147344763429-166727741332-166011075329-a43af65f36",
            "url_private_download": "https:\/\/files.slack.com\/files-pri\/T4BA4NFCM-F4WJ5CN03\/download\/screenshot_2017-04-09_23.18.45.png?t=xoxe-147344763429-166727741332-166011075329-a43af65f36",
            "thumb_64": "https:\/\/files.slack.com\/files-tmb\/T4BA4NFCM-F4WJ5CN03-a8c933e82e\/screenshot_2017-04-09_23.18.45_64.png?t=xoxe-147344763429-166727741332-166011075329-a43af65f36",
            "thumb_80": "https:\/\/files.slack.com\/files-tmb\/T4BA4NFCM-F4WJ5CN03-a8c933e82e\/screenshot_2017-04-09_23.18.45_80.png?t=xoxe-147344763429-166727741332-166011075329-a43af65f36",
            "thumb_360": "https:\/\/files.slack.com\/files-tmb\/T4BA4NFCM-F4WJ5CN03-a8c933e82e\/screenshot_2017-04-09_23.18.45_360.png?t=xoxe-147344763429-166727741332-166011075329-a43af65f36",
            "thumb_360_w": 360,
            "thumb_360_h": 203,
            "thumb_480": "https:\/\/files.slack.com\/files-tmb\/T4BA4NFCM-F4WJ5CN03-a8c933e82e\/screenshot_2017-04-09_23.18.45_480.png?t=xoxe-147344763429-166727741332-166011075329-a43af65f36",
            "thumb_480_w": 480,
            "thumb_480_h": 270,
            "thumb_160": "https:\/\/files.slack.com\/files-tmb\/T4BA4NFCM-F4WJ5CN03-a8c933e82e\/screenshot_2017-04-09_23.18.45_160.png?t=xoxe-147344763429-166727741332-166011075329-a43af65f36",
            "thumb_720": "https:\/\/files.slack.com\/files-tmb\/T4BA4NFCM-F4WJ5CN03-a8c933e82e\/screenshot_2017-04-09_23.18.45_720.png?t=xoxe-147344763429-166727741332-166011075329-a43af65f36",
            "thumb_720_w": 720,
            "thumb_720_h": 405,
            "thumb_800": "https:\/\/files.slack.com\/files-tmb\/T4BA4NFCM-F4WJ5CN03-a8c933e82e\/screenshot_2017-04-09_23.18.45_800.png?t=xoxe-147344763429-166727741332-166011075329-a43af65f36",
            "thumb_800_w": 800,
            "thumb_800_h": 450,
            "thumb_960": "https:\/\/files.slack.com\/files-tmb\/T4BA4NFCM-F4WJ5CN03-a8c933e82e\/screenshot_2017-04-09_23.18.45_960.png?t=xoxe-147344763429-166727741332-166011075329-a43af65f36",
            "thumb_960_w": 960,
            "thumb_960_h": 540,
            "thumb_1024": "https:\/\/files.slack.com\/files-tmb\/T4BA4NFCM-F4WJ5CN03-a8c933e82e\/screenshot_2017-04-09_23.18.45_1024.png?t=xoxe-147344763429-166727741332-166011075329-a43af65f36",
            "thumb_1024_w": 1024,
            "thumb_1024_h": 576,
            "image_exif_rotation": 1,
            "original_w": 3200,
            "original_h": 1800,
            "permalink": "https:\/\/sept-copsicus.slack.com\/files\/ervin_s3577844\/F4WJ5CN03\/screenshot_2017-04-09_23.18.45.png",
            "permalink_public": "https:\/\/slack-files.com\/T4BA4NFCM-F4WJ5CN03-8a3552a6cd",
            "channels": [
                "C4B5HF727"
            ],
            "groups": [],
            "ims": [],
            "comments_count": 0
        },
        "user": "U4B7HTH1Q",
        "upload": true,
        "display_as_bot": false,
        "username": "ervin_s3577844",
        "bot_id": null,
        "ts": "1491743950.820437"
    },
    {
        "type": "message",
        "user": "U4BU0EJQ7",
        "text": "coz it’s working fine on my end",
        "ts": "1491743956.820761"
    },
    {
        "type": "message",
        "user": "U4BU0EJQ7",
        "text": "have u tried google?",
        "ts": "1491743979.822024"
    },
    {
        "type": "message",
        "user": "U4B7HTH1Q",
        "text": "I remember having this problem too for the first two seeders last time",
        "ts": "1491743987.822384"
    },
    {
        "type": "message",
        "user": "U4B7HTH1Q",
        "text": "then a few days later they just magically worked",
        "ts": "1491743995.822714"
    },
    {
        "type": "message",
        "user": "U4BU0EJQ7",
        "text": "how did u fix that",
        "ts": "1491743998.822903"
    },
    {
        "type": "message",
        "user": "U4BU0EJQ7",
        "text": "oh lol",
        "ts": "1491744000.823018"
    },
    {
        "type": "message",
        "user": "U4B7HTH1Q",
        "text": "I didn't do anything",
        "ts": "1491744004.823268"
    },
    {
        "type": "message",
        "user": "U4B7HTH1Q",
        "text": "I just re-ran the exact same commands and they worked",
        "ts": "1491744010.823607"
    },
    {
        "type": "message",
        "user": "U4B7HTH1Q",
        "text": "I was like... _Okaaay..._",
        "ts": "1491744027.824752"
    },
    {
        "type": "message",
        "user": "U4BU0EJQ7",
        "text": "zero clue",
        "ts": "1491744033.825142"
    },
    {
        "type": "message",
        "user": "U4BU0EJQ7",
        "text": "can’t help soz",
        "ts": "1491744038.825451"
    },
    {
        "type": "message",
        "user": "U4BU0EJQ7",
        "text": "i needa prepare tmr CT",
        "ts": "1491744044.825690"
    },
    {
        "type": "message",
        "user": "U4B7HTH1Q",
        "text": "no worries I'm sure it's fine",
        "ts": "1491744052.826135"
    },
    {
        "type": "message",
        "user": "U4BU0EJQ7",
        "text": "let me know if there’s anything else i needa do?",
        "ts": "1491744056.826358"
    },
    {
        "type": "message",
        "user": "U4B7HTH1Q",
        "text": "nah, we're all good",
        "ts": "1491744060.826590"
    },
    {
        "type": "message",
        "user": "U4BU0EJQ7",
        "text": "cool",
        "ts": "1491744063.826762"
    },
    {
        "type": "message",
        "user": "U4BU0EJQ7",
        "text": "cya tmr during lec",
        "ts": "1491744069.827053"
    },
    {
        "type": "message",
        "user": "U4B7HTH1Q",
        "text": "I'll see what Paul has to say when he comes on later",
        "ts": "1491744074.827280"
    },
    {
        "type": "message",
        "user": "U4BU0EJQ7",
        "text": "yup",
        "ts": "1491744079.827657"
    },
    {
        "type": "message",
        "user": "U4B7HTH1Q",
        "text": "then I'll send in our submission",
        "ts": "1491744083.827873"
    },
    {
        "type": "message",
        "user": "U4BU0EJQ7",
        "text": "i’ll be around",
        "ts": "1491744084.827909"
    },
    {
        "type": "message",
        "user": "U4BU0EJQ7",
        "text": "thx ervin",
        "ts": "1491744089.828165"
    },
    {
        "type": "message",
        "user": "U4B7HTH1Q",
        "text": "Wow, so our submission is only worth 10%",
        "ts": "1491744564.854482"
    },
    {
        "type": "message",
        "user": "U4B7HTH1Q",
        "text": "Part A is worth 15%, but the remaining 5% comes from the weekly progress assessments.",
        "ts": "1491744586.855557"
    },
    {
        "type": "message",
        "user": "U4BU0EJQ7",
        "text": "Yas",
        "ts": "1491744763.866114"
    }
]