[
    {
        "type": "message",
        "user": "U4BBG61A8",
        "text": "hey man <@U4B7HTH1Q> i just change the button signup to 'submit' again",
        "ts": "1491203225.396502"
    },
    {
        "type": "message",
        "user": "U4BBG61A8",
        "text": "it was not running as 'button'",
        "ts": "1491203251.401616"
    },
    {
        "type": "message",
        "user": "U4B7HTH1Q",
        "text": "Are you referring to the button type?",
        "ts": "1491203287.408140"
    },
    {
        "type": "message",
        "user": "U4BBG61A8",
        "text": "yep",
        "ts": "1491203301.410891"
    },
    {
        "type": "message",
        "user": "U4BU0EJQ7",
        "text": "It's &lt;button&gt; tag with type=\"submit\" for the form",
        "ts": "1491203332.416906"
    },
    {
        "type": "message",
        "user": "U4B7HTH1Q",
        "text": "Wow, that's a lot of commits haha",
        "ts": "1491203872.523461"
    },
    {
        "type": "message",
        "user": "U4BU0EJQ7",
        "text": "It was mainly the tests",
        "ts": "1491203939.536900"
    },
    {
        "type": "message",
        "user": "U4BBG61A8",
        "text": "my bad! i have commits of two line only",
        "ts": "1491203981.545547"
    },
    {
        "type": "message",
        "user": "U4B7HTH1Q",
        "text": "<@U4BU0EJQ7> I'm going to push the new changes for customer dashboard",
        "ts": "1491204232.596797"
    },
    {
        "type": "message",
        "user": "U4B7HTH1Q",
        "text": "After choosing a date and clicking on search, the system was unable to retrieve bookings. I've tried looking around for a fix with no luck. Let me know if you can solve it, thanks!",
        "ts": "1491204309.612910"
    },
    {
        "type": "message",
        "user": "U4B7HTH1Q",
        "text": "<@U4BBG61A8> Did you test whether the app is working?",
        "ts": "1491204574.669496"
    },
    {
        "type": "message",
        "user": "U4B7HTH1Q",
        "text": "I pulled your changes and it broke the app lol",
        "ts": "1491204584.671660"
    },
    {
        "type": "message",
        "user": "U4BU0EJQ7",
        "text": "U gotta do those things in the card",
        "ts": "1491204606.676728"
    },
    {
        "type": "message",
        "user": "U4BU0EJQ7",
        "text": "Abt dusk",
        "ts": "1491204614.678691"
    },
    {
        "type": "message",
        "user": "U4BU0EJQ7",
        "text": "Yea I'll have a look tonight",
        "ts": "1491204621.680466"
    },
    {
        "type": "message",
        "user": "U4BBG61A8",
        "text": "yep man. sorry",
        "ts": "1491204638.684290"
    },
    {
        "type": "message",
        "user": "U4BBG61A8",
        "text": "forgot to say in this channel",
        "ts": "1491204648.686674"
    },
    {
        "type": "message",
        "user": "U4BBG61A8",
        "text": "you need dusk up and running",
        "ts": "1491204666.690763"
    },
    {
        "type": "message",
        "user": "U4B7HTH1Q",
        "text": "ok, can you check whether the new changes work on your PC?",
        "ts": "1491204693.696959"
    },
    {
        "type": "message",
        "user": "U4BBG61A8",
        "text": "just skip the part of the register",
        "ts": "1491204694.697125"
    },
    {
        "type": "message",
        "user": "U4BBG61A8",
        "text": "yep",
        "ts": "1491204707.700251"
    },
    {
        "type": "message",
        "user": "U4BBG61A8",
        "text": "hang on",
        "ts": "1491204717.702395"
    },
    {
        "type": "message",
        "user": "U4BBG61A8",
        "text": "yep all good",
        "ts": "1491204896.741919"
    },
    {
        "type": "message",
        "user": "U4BBG61A8",
        "text": "im  up to date on dev",
        "ts": "1491204935.750753"
    },
    {
        "type": "message",
        "user": "U4BBG61A8",
        "text": "what error do u have?",
        "ts": "1491204952.754547"
    },
    {
        "type": "message",
        "user": "U4B7HTH1Q",
        "text": "DuskServiceProvider not found.",
        "ts": "1491205036.773178"
    },
    {
        "type": "message",
        "user": "U4B7HTH1Q",
        "text": "I'm trying to get it installed on my Homestead and see if it works",
        "ts": "1491205051.776684"
    },
    {
        "type": "message",
        "user": "U4BBG61A8",
        "text": "cool",
        "ts": "1491205059.778558"
    },
    {
        "type": "message",
        "user": "U4BBG61A8",
        "text": "let me know if you have  issues",
        "ts": "1491205076.782158"
    },
    {
        "type": "message",
        "user": "U4B7HTH1Q",
        "text": "It's taking a while to install on RMIT internet",
        "ts": "1491205168.802730"
    },
    {
        "type": "message",
        "user": "U4BBG61A8",
        "text": "r u in the lecture?",
        "ts": "1491205203.810914"
    },
    {
        "type": "message",
        "user": "U4B7HTH1Q",
        "text": "I'm outside lmfao",
        "ts": "1491205389.853211"
    },
    {
        "type": "message",
        "user": "U4B7HTH1Q",
        "text": "Are you guys having a break right now?",
        "ts": "1491205394.854444"
    },
    {
        "type": "message",
        "user": "U4BBG61A8",
        "text": "haha",
        "ts": "1491205404.856693"
    },
    {
        "type": "message",
        "user": "U4B7HTH1Q",
        "text": "Alright, installed Dusk and everything is working fine. Cheers, <@U4BBG61A8>",
        "edited": {
            "user": "U4B7HTH1Q",
            "ts": "1491205444.000000"
        },
        "ts": "1491205413.858868"
    },
    {
        "type": "message",
        "user": "U4BBG61A8",
        "text": "no break it was already",
        "ts": "1491205420.860351"
    },
    {
        "type": "message",
        "user": "U4BU0EJQ7",
        "text": "I'm in Shekhar's",
        "ts": "1491205430.862590"
    },
    {
        "type": "message",
        "user": "U4B7HTH1Q",
        "text": "No break?",
        "ts": "1491205453.867696"
    },
    {
        "type": "message",
        "user": "U4BBG61A8",
        "text": "i meant the break was 10 min ago",
        "ts": "1491205486.875642"
    },
    {
        "type": "message",
        "user": "U4B7HTH1Q",
        "text": "Oh, has he resumed his class yet?",
        "ts": "1491205498.878455"
    },
    {
        "type": "message",
        "user": "U4B7HTH1Q",
        "text": "I might hop in if the break is still on",
        "ts": "1491205524.884594"
    },
    {
        "type": "message",
        "user": "U4BBG61A8",
        "text": "yep ,",
        "ts": "1491205524.884833"
    },
    {
        "type": "message",
        "user": "U4B7HTH1Q",
        "text": "Oh shit",
        "ts": "1491205533.886789"
    },
    {
        "type": "message",
        "user": "U4B7HTH1Q",
        "text": "Bye Lawrence",
        "ts": "1491205546.889861"
    },
    {
        "type": "message",
        "user": "U4B7HTH1Q",
        "text": "Hahaha, okay I'll continue working on our project from outside",
        "ts": "1491205566.894404"
    },
    {
        "type": "message",
        "user": "U4BU0EJQ7",
        "text": "Btw, the part B (assignment 2) is up",
        "ts": "1491205737.934314"
    },
    {
        "type": "message",
        "user": "U4B7HTH1Q",
        "text": "Oooh nice, gonna check it out tonight. Thanks for the heads up!",
        "ts": "1491205757.939015"
    },
    {
        "type": "message",
        "user": "U4BU0EJQ7",
        "text": "Lawrence mentioned it in the beginning of the lecture and just thought should tell u since u weren't there",
        "ts": "1491205855.962294"
    },
    {
        "type": "message",
        "user": "U4B7HTH1Q",
        "text": "Oh what, there's a part C?",
        "ts": "1491205865.964626"
    },
    {
        "type": "message",
        "user": "U4BU0EJQ7",
        "text": "And the mid-sem test 10% has been moved from week 8 to week 9",
        "ts": "1491205881.968200"
    },
    {
        "type": "message",
        "user": "U4BU0EJQ7",
        "text": "Oh is there? I just saw part B is due 1\/5\/17, beginning of week 9",
        "ts": "1491205903.973475"
    },
    {
        "type": "message",
        "user": "U4BU0EJQ7",
        "text": "Yea that makes more sense then",
        "ts": "1491205912.975616"
    },
    {
        "type": "message",
        "user": "U4B7HTH1Q",
        "text": "The doc mentioned a few functionalities could be postponed to part C.",
        "ts": "1491205951.985247"
    },
    {
        "type": "message",
        "user": "U4BU0EJQ7",
        "text": "Uh I see",
        "ts": "1491205992.994610"
    },
    {
        "type": "message",
        "user": "U4BU0EJQ7",
        "text": "So a1(15%) a2(10%) a3(15%)",
        "ts": "1491206015.000393"
    },
    {
        "type": "message",
        "user": "U4B7HTH1Q",
        "text": "I believe so, yeah.",
        "ts": "1491206031.004287"
    },
    {
        "type": "message",
        "user": "U4B7HTH1Q",
        "text": "Then the mid semester test is worth 10%",
        "ts": "1491206042.006793"
    },
    {
        "type": "message",
        "user": "U4BU0EJQ7",
        "text": "And 10% lab assessments",
        "ts": "1491206800.203262"
    },
    {
        "type": "message",
        "subtype": "file_share",
        "text": "<@U4BU0EJQ7|grace_s3558319> uploaded a file: <https:\/\/sept-copsicus.slack.com\/files\/grace_s3558319\/F4TEKBNG4\/image_uploaded_from_ios.jpg|Image uploaded from iOS>",
        "file": {
            "id": "F4TEKBNG4",
            "created": 1491206813,
            "timestamp": 1491206813,
            "name": "Image uploaded from iOS.jpg",
            "title": "Image uploaded from iOS",
            "mimetype": "image\/jpeg",
            "filetype": "jpg",
            "pretty_type": "JPEG",
            "user": "U4BU0EJQ7",
            "editable": false,
            "size": 1143535,
            "mode": "hosted",
            "is_external": false,
            "external_type": "",
            "is_public": true,
            "public_url_shared": false,
            "display_as_bot": false,
            "username": "",
            "url_private": "https:\/\/files.slack.com\/files-pri\/T4BA4NFCM-F4TEKBNG4\/image_uploaded_from_ios.jpg?t=xoxe-147344763429-166727741332-166011075329-a43af65f36",
            "url_private_download": "https:\/\/files.slack.com\/files-pri\/T4BA4NFCM-F4TEKBNG4\/download\/image_uploaded_from_ios.jpg?t=xoxe-147344763429-166727741332-166011075329-a43af65f36",
            "thumb_64": "https:\/\/files.slack.com\/files-tmb\/T4BA4NFCM-F4TEKBNG4-d70c3e0406\/image_uploaded_from_ios_64.jpg?t=xoxe-147344763429-166727741332-166011075329-a43af65f36",
            "thumb_80": "https:\/\/files.slack.com\/files-tmb\/T4BA4NFCM-F4TEKBNG4-d70c3e0406\/image_uploaded_from_ios_80.jpg?t=xoxe-147344763429-166727741332-166011075329-a43af65f36",
            "thumb_360": "https:\/\/files.slack.com\/files-tmb\/T4BA4NFCM-F4TEKBNG4-d70c3e0406\/image_uploaded_from_ios_360.jpg?t=xoxe-147344763429-166727741332-166011075329-a43af65f36",
            "thumb_360_w": 360,
            "thumb_360_h": 270,
            "thumb_480": "https:\/\/files.slack.com\/files-tmb\/T4BA4NFCM-F4TEKBNG4-d70c3e0406\/image_uploaded_from_ios_480.jpg?t=xoxe-147344763429-166727741332-166011075329-a43af65f36",
            "thumb_480_w": 480,
            "thumb_480_h": 360,
            "thumb_160": "https:\/\/files.slack.com\/files-tmb\/T4BA4NFCM-F4TEKBNG4-d70c3e0406\/image_uploaded_from_ios_160.jpg?t=xoxe-147344763429-166727741332-166011075329-a43af65f36",
            "thumb_720": "https:\/\/files.slack.com\/files-tmb\/T4BA4NFCM-F4TEKBNG4-d70c3e0406\/image_uploaded_from_ios_720.jpg?t=xoxe-147344763429-166727741332-166011075329-a43af65f36",
            "thumb_720_w": 720,
            "thumb_720_h": 540,
            "thumb_800": "https:\/\/files.slack.com\/files-tmb\/T4BA4NFCM-F4TEKBNG4-d70c3e0406\/image_uploaded_from_ios_800.jpg?t=xoxe-147344763429-166727741332-166011075329-a43af65f36",
            "thumb_800_w": 800,
            "thumb_800_h": 600,
            "thumb_960": "https:\/\/files.slack.com\/files-tmb\/T4BA4NFCM-F4TEKBNG4-d70c3e0406\/image_uploaded_from_ios_960.jpg?t=xoxe-147344763429-166727741332-166011075329-a43af65f36",
            "thumb_960_w": 960,
            "thumb_960_h": 720,
            "thumb_1024": "https:\/\/files.slack.com\/files-tmb\/T4BA4NFCM-F4TEKBNG4-d70c3e0406\/image_uploaded_from_ios_1024.jpg?t=xoxe-147344763429-166727741332-166011075329-a43af65f36",
            "thumb_1024_w": 1024,
            "thumb_1024_h": 768,
            "image_exif_rotation": 1,
            "original_w": 4032,
            "original_h": 3024,
            "permalink": "https:\/\/sept-copsicus.slack.com\/files\/grace_s3558319\/F4TEKBNG4\/image_uploaded_from_ios.jpg",
            "permalink_public": "https:\/\/slack-files.com\/T4BA4NFCM-F4TEKBNG4-15190a7294",
            "channels": [
                "C4B5HF727"
            ],
            "groups": [],
            "ims": [],
            "comments_count": 0
        },
        "user": "U4BU0EJQ7",
        "upload": true,
        "display_as_bot": false,
        "username": "grace_s3558319",
        "bot_id": null,
        "upload_reply_to": "6967911F-4F8D-4655-BFFE-B642D7C88E15",
        "ts": "1491206817.207495"
    },
    {
        "type": "message",
        "user": "U4B7HTH1Q",
        "text": "Is this from Project Management?",
        "ts": "1491206857.217552"
    },
    {
        "type": "message",
        "user": "U4BU0EJQ7",
        "text": "Yea",
        "ts": "1491206903.229035"
    },
    {
        "type": "message",
        "user": "U4BU0EJQ7",
        "text": "I just needa learn it once yeah:laughing:",
        "ts": "1491206931.235774"
    },
    {
        "type": "message",
        "subtype": "file_share",
        "text": "<@U4BU0EJQ7|grace_s3558319> uploaded a file: <https:\/\/sept-copsicus.slack.com\/files\/grace_s3558319\/F4TDF7JMQ\/image_uploaded_from_ios.jpg|Image uploaded from iOS>",
        "file": {
            "id": "F4TDF7JMQ",
            "created": 1491207051,
            "timestamp": 1491207051,
            "name": "Image uploaded from iOS.jpg",
            "title": "Image uploaded from iOS",
            "mimetype": "image\/jpeg",
            "filetype": "jpg",
            "pretty_type": "JPEG",
            "user": "U4BU0EJQ7",
            "editable": false,
            "size": 1467729,
            "mode": "hosted",
            "is_external": false,
            "external_type": "",
            "is_public": true,
            "public_url_shared": false,
            "display_as_bot": false,
            "username": "",
            "url_private": "https:\/\/files.slack.com\/files-pri\/T4BA4NFCM-F4TDF7JMQ\/image_uploaded_from_ios.jpg?t=xoxe-147344763429-166727741332-166011075329-a43af65f36",
            "url_private_download": "https:\/\/files.slack.com\/files-pri\/T4BA4NFCM-F4TDF7JMQ\/download\/image_uploaded_from_ios.jpg?t=xoxe-147344763429-166727741332-166011075329-a43af65f36",
            "thumb_64": "https:\/\/files.slack.com\/files-tmb\/T4BA4NFCM-F4TDF7JMQ-1699555250\/image_uploaded_from_ios_64.jpg?t=xoxe-147344763429-166727741332-166011075329-a43af65f36",
            "thumb_80": "https:\/\/files.slack.com\/files-tmb\/T4BA4NFCM-F4TDF7JMQ-1699555250\/image_uploaded_from_ios_80.jpg?t=xoxe-147344763429-166727741332-166011075329-a43af65f36",
            "thumb_360": "https:\/\/files.slack.com\/files-tmb\/T4BA4NFCM-F4TDF7JMQ-1699555250\/image_uploaded_from_ios_360.jpg?t=xoxe-147344763429-166727741332-166011075329-a43af65f36",
            "thumb_360_w": 360,
            "thumb_360_h": 270,
            "thumb_480": "https:\/\/files.slack.com\/files-tmb\/T4BA4NFCM-F4TDF7JMQ-1699555250\/image_uploaded_from_ios_480.jpg?t=xoxe-147344763429-166727741332-166011075329-a43af65f36",
            "thumb_480_w": 480,
            "thumb_480_h": 360,
            "thumb_160": "https:\/\/files.slack.com\/files-tmb\/T4BA4NFCM-F4TDF7JMQ-1699555250\/image_uploaded_from_ios_160.jpg?t=xoxe-147344763429-166727741332-166011075329-a43af65f36",
            "thumb_720": "https:\/\/files.slack.com\/files-tmb\/T4BA4NFCM-F4TDF7JMQ-1699555250\/image_uploaded_from_ios_720.jpg?t=xoxe-147344763429-166727741332-166011075329-a43af65f36",
            "thumb_720_w": 720,
            "thumb_720_h": 540,
            "thumb_800": "https:\/\/files.slack.com\/files-tmb\/T4BA4NFCM-F4TDF7JMQ-1699555250\/image_uploaded_from_ios_800.jpg?t=xoxe-147344763429-166727741332-166011075329-a43af65f36",
            "thumb_800_w": 800,
            "thumb_800_h": 600,
            "thumb_960": "https:\/\/files.slack.com\/files-tmb\/T4BA4NFCM-F4TDF7JMQ-1699555250\/image_uploaded_from_ios_960.jpg?t=xoxe-147344763429-166727741332-166011075329-a43af65f36",
            "thumb_960_w": 960,
            "thumb_960_h": 720,
            "thumb_1024": "https:\/\/files.slack.com\/files-tmb\/T4BA4NFCM-F4TDF7JMQ-1699555250\/image_uploaded_from_ios_1024.jpg?t=xoxe-147344763429-166727741332-166011075329-a43af65f36",
            "thumb_1024_w": 1024,
            "thumb_1024_h": 768,
            "image_exif_rotation": 1,
            "original_w": 4032,
            "original_h": 3024,
            "permalink": "https:\/\/sept-copsicus.slack.com\/files\/grace_s3558319\/F4TDF7JMQ\/image_uploaded_from_ios.jpg",
            "permalink_public": "https:\/\/slack-files.com\/T4BA4NFCM-F4TDF7JMQ-c23f521d02",
            "channels": [
                "C4B5HF727"
            ],
            "groups": [],
            "ims": [],
            "comments_count": 0
        },
        "user": "U4BU0EJQ7",
        "upload": true,
        "display_as_bot": false,
        "username": "grace_s3558319",
        "bot_id": null,
        "upload_reply_to": "5A17434C-7634-4E6A-8C56-6C74072F51ED",
        "ts": "1491207055.267057"
    },
    {
        "type": "message",
        "user": "U4BU0EJQ7",
        "text": "Haha it's talking about daily scrum meeting",
        "ts": "1491208897.755698"
    },
    {
        "type": "message",
        "user": "U4BU0EJQ7",
        "text": "Like a revision for tmr",
        "ts": "1491208938.766423"
    },
    {
        "type": "message",
        "user": "U4B7HTH1Q",
        "text": "Cool",
        "ts": "1491211475.489349"
    }
]