[
    {
        "type": "message",
        "user": "U4BBG61A8",
        "text": "thanks guys",
        "ts": "1491388089.763933"
    },
    {
        "type": "message",
        "user": "U4BBG61A8",
        "text": "an update of the installation  i managed to run the project in my ubuntu without homestead",
        "ts": "1491388159.782045"
    },
    {
        "type": "message",
        "user": "U4B7HTH1Q",
        "text": "oooh nice",
        "ts": "1491388173.785580"
    },
    {
        "type": "message",
        "user": "U4BBG61A8",
        "text": "ironically what took me long was setting up dusk",
        "ts": "1491388182.787830"
    },
    {
        "type": "message",
        "user": "U4BBG61A8",
        "text": "but all good, i'll document it and upload to trello",
        "ts": "1491388209.794808"
    },
    {
        "type": "message",
        "user": "U4BU0EJQ7",
        "text": "Wow",
        "ts": "1491388228.799975"
    },
    {
        "type": "message",
        "user": "U4BU0EJQ7",
        "text": "Sounds awesome",
        "ts": "1491388232.801056"
    },
    {
        "type": "message",
        "subtype": "file_share",
        "text": "<@U4BU0EJQ7|grace_s3558319> uploaded a file: <https:\/\/sept-copsicus.slack.com\/files\/grace_s3558319\/F4URXT077\/image_uploaded_from_ios.jpg|Image uploaded from iOS>",
        "file": {
            "id": "F4URXT077",
            "created": 1491390579,
            "timestamp": 1491390579,
            "name": "Image uploaded from iOS.jpg",
            "title": "Image uploaded from iOS",
            "mimetype": "image\/jpeg",
            "filetype": "jpg",
            "pretty_type": "JPEG",
            "user": "U4BU0EJQ7",
            "editable": false,
            "size": 645662,
            "mode": "hosted",
            "is_external": false,
            "external_type": "",
            "is_public": true,
            "public_url_shared": false,
            "display_as_bot": false,
            "username": "",
            "url_private": "https:\/\/files.slack.com\/files-pri\/T4BA4NFCM-F4URXT077\/image_uploaded_from_ios.jpg?t=xoxe-147344763429-166727741332-166011075329-a43af65f36",
            "url_private_download": "https:\/\/files.slack.com\/files-pri\/T4BA4NFCM-F4URXT077\/download\/image_uploaded_from_ios.jpg?t=xoxe-147344763429-166727741332-166011075329-a43af65f36",
            "thumb_64": "https:\/\/files.slack.com\/files-tmb\/T4BA4NFCM-F4URXT077-0ba110a5cc\/image_uploaded_from_ios_64.jpg?t=xoxe-147344763429-166727741332-166011075329-a43af65f36",
            "thumb_80": "https:\/\/files.slack.com\/files-tmb\/T4BA4NFCM-F4URXT077-0ba110a5cc\/image_uploaded_from_ios_80.jpg?t=xoxe-147344763429-166727741332-166011075329-a43af65f36",
            "thumb_360": "https:\/\/files.slack.com\/files-tmb\/T4BA4NFCM-F4URXT077-0ba110a5cc\/image_uploaded_from_ios_360.jpg?t=xoxe-147344763429-166727741332-166011075329-a43af65f36",
            "thumb_360_w": 270,
            "thumb_360_h": 360,
            "thumb_480": "https:\/\/files.slack.com\/files-tmb\/T4BA4NFCM-F4URXT077-0ba110a5cc\/image_uploaded_from_ios_480.jpg?t=xoxe-147344763429-166727741332-166011075329-a43af65f36",
            "thumb_480_w": 360,
            "thumb_480_h": 480,
            "thumb_160": "https:\/\/files.slack.com\/files-tmb\/T4BA4NFCM-F4URXT077-0ba110a5cc\/image_uploaded_from_ios_160.jpg?t=xoxe-147344763429-166727741332-166011075329-a43af65f36",
            "thumb_720": "https:\/\/files.slack.com\/files-tmb\/T4BA4NFCM-F4URXT077-0ba110a5cc\/image_uploaded_from_ios_720.jpg?t=xoxe-147344763429-166727741332-166011075329-a43af65f36",
            "thumb_720_w": 540,
            "thumb_720_h": 720,
            "thumb_800": "https:\/\/files.slack.com\/files-tmb\/T4BA4NFCM-F4URXT077-0ba110a5cc\/image_uploaded_from_ios_800.jpg?t=xoxe-147344763429-166727741332-166011075329-a43af65f36",
            "thumb_800_w": 600,
            "thumb_800_h": 800,
            "thumb_960": "https:\/\/files.slack.com\/files-tmb\/T4BA4NFCM-F4URXT077-0ba110a5cc\/image_uploaded_from_ios_960.jpg?t=xoxe-147344763429-166727741332-166011075329-a43af65f36",
            "thumb_960_w": 720,
            "thumb_960_h": 960,
            "thumb_1024": "https:\/\/files.slack.com\/files-tmb\/T4BA4NFCM-F4URXT077-0ba110a5cc\/image_uploaded_from_ios_1024.jpg?t=xoxe-147344763429-166727741332-166011075329-a43af65f36",
            "thumb_1024_w": 768,
            "thumb_1024_h": 1024,
            "image_exif_rotation": 1,
            "original_w": 1512,
            "original_h": 2016,
            "permalink": "https:\/\/sept-copsicus.slack.com\/files\/grace_s3558319\/F4URXT077\/image_uploaded_from_ios.jpg",
            "permalink_public": "https:\/\/slack-files.com\/T4BA4NFCM-F4URXT077-489e0b616f",
            "channels": [
                "C4B5HF727"
            ],
            "groups": [],
            "ims": [],
            "comments_count": 0
        },
        "user": "U4BU0EJQ7",
        "upload": true,
        "display_as_bot": false,
        "username": "grace_s3558319",
        "bot_id": null,
        "upload_reply_to": "8533366D-4575-430F-8FC2-02636006DF11",
        "ts": "1491390582.380678"
    }
]