[
    {
        "id": "C4AHZMQD7",
        "name": "announcements",
        "created": "1488250904",
        "creator": "U4B7HTH1Q",
        "is_archived": false,
        "is_general": false,
        "members": [
            "U4B7HTH1Q",
            "U4BBG61A8",
            "U4BU0EJQ7"
        ],
        "topic": {
            "value": "",
            "creator": "",
            "last_set": "0"
        },
        "purpose": {
            "value": "",
            "creator": "",
            "last_set": "0"
        }
    },
    {
        "id": "C4BB7NT4L",
        "name": "chat",
        "created": "1488257433",
        "creator": "U4BU0EJQ7",
        "is_archived": false,
        "is_general": false,
        "members": [
            "U4B7HTH1Q",
            "U4BBG61A8",
            "U4BU0EJQ7"
        ],
        "topic": {
            "value": "",
            "creator": "",
            "last_set": "0"
        },
        "purpose": {
            "value": "random chat",
            "creator": "U4BU0EJQ7",
            "last_set": "1488257434"
        }
    },
    {
        "id": "C4B5HF727",
        "name": "general",
        "created": "1488243900",
        "creator": "U4B7HTH1Q",
        "is_archived": false,
        "is_general": true,
        "members": [
            "U4B7HTH1Q",
            "U4BBG61A8",
            "U4BU0EJQ7"
        ],
        "topic": {
            "value": "Company-wide announcements and work-based matters",
            "creator": "",
            "last_set": "0"
        },
        "purpose": {
            "value": "This channel is for team-wide communication and announcements. All team members are in this channel.",
            "creator": "",
            "last_set": "0"
        }
    },
    {
        "id": "C4BUDRMRU",
        "name": "github",
        "created": "1488249871",
        "creator": "U4B7HTH1Q",
        "is_archived": false,
        "is_general": false,
        "members": [
            "U4B7HTH1Q",
            "U4BBG61A8",
            "U4BU0EJQ7"
        ],
        "topic": {
            "value": "",
            "creator": "",
            "last_set": "0"
        },
        "purpose": {
            "value": "",
            "creator": "",
            "last_set": "0"
        }
    },
    {
        "id": "C4B7HTKS6",
        "name": "ideas",
        "created": "1488243901",
        "creator": "U4B7HTH1Q",
        "is_archived": true,
        "is_general": false,
        "members": [],
        "topic": {
            "value": "Non-work banter and water cooler conversation",
            "creator": "",
            "last_set": "0"
        },
        "purpose": {
            "value": "A place for non-work-related flimflam, faffing, hodge-podge or jibber-jabber you'd prefer to keep out of more focused work-related channels.",
            "creator": "",
            "last_set": "0"
        }
    }
]