[
    {
        "id": "U4B7HTH1Q",
        "team_id": "T4BA4NFCM",
        "name": "ervin_s3577844",
        "deleted": false,
        "status": null,
        "color": "9f69e7",
        "real_name": "Hooi Loong Chua",
        "tz": "Australia\/Canberra",
        "tz_label": "Australian Eastern Standard Time",
        "tz_offset": 36000,
        "profile": {
            "first_name": "Hooi Loong",
            "last_name": "Chua",
            "avatar_hash": "gf7b87f427df",
            "real_name": "Hooi Loong Chua",
            "real_name_normalized": "Hooi Loong Chua",
            "email": "s3577844@student.rmit.edu.au",
            "image_24": "https:\/\/secure.gravatar.com\/avatar\/f7b87f427df032617eb147d68356c8fb.jpg?s=24&d=https%3A%2F%2Fa.slack-edge.com%2F0180%2Fimg%2Favatars%2Fava_0021-24.png",
            "image_32": "https:\/\/secure.gravatar.com\/avatar\/f7b87f427df032617eb147d68356c8fb.jpg?s=32&d=https%3A%2F%2Fa.slack-edge.com%2F66f9%2Fimg%2Favatars%2Fava_0021-32.png",
            "image_48": "https:\/\/secure.gravatar.com\/avatar\/f7b87f427df032617eb147d68356c8fb.jpg?s=48&d=https%3A%2F%2Fa.slack-edge.com%2F3654%2Fimg%2Favatars%2Fava_0021-48.png",
            "image_72": "https:\/\/secure.gravatar.com\/avatar\/f7b87f427df032617eb147d68356c8fb.jpg?s=72&d=https%3A%2F%2Fa.slack-edge.com%2F66f9%2Fimg%2Favatars%2Fava_0021-72.png",
            "image_192": "https:\/\/secure.gravatar.com\/avatar\/f7b87f427df032617eb147d68356c8fb.jpg?s=192&d=https%3A%2F%2Fa.slack-edge.com%2F7fa9%2Fimg%2Favatars%2Fava_0021-192.png",
            "image_512": "https:\/\/secure.gravatar.com\/avatar\/f7b87f427df032617eb147d68356c8fb.jpg?s=512&d=https%3A%2F%2Fa.slack-edge.com%2F7fa9%2Fimg%2Favatars%2Fava_0021-512.png",
            "fields": null
        },
        "is_admin": true,
        "is_owner": true,
        "is_primary_owner": true,
        "is_restricted": false,
        "is_ultra_restricted": false,
        "is_bot": false,
        "updated": 1488243900
    },
    {
        "id": "U4BU0EJQ7",
        "team_id": "T4BA4NFCM",
        "name": "grace_s3558319",
        "deleted": false,
        "status": null,
        "color": "4bbe2e",
        "real_name": "Grace Zheng",
        "tz": "Australia\/Canberra",
        "tz_label": "Australian Eastern Standard Time",
        "tz_offset": 36000,
        "profile": {
            "first_name": "Grace",
            "last_name": "Zheng",
            "avatar_hash": "a097aeb4e3af",
            "image_24": "https:\/\/avatars.slack-edge.com\/2017-03-24\/159171946533_a097aeb4e3afff0842be_24.png",
            "image_32": "https:\/\/avatars.slack-edge.com\/2017-03-24\/159171946533_a097aeb4e3afff0842be_32.png",
            "image_48": "https:\/\/avatars.slack-edge.com\/2017-03-24\/159171946533_a097aeb4e3afff0842be_48.png",
            "image_72": "https:\/\/avatars.slack-edge.com\/2017-03-24\/159171946533_a097aeb4e3afff0842be_72.png",
            "image_192": "https:\/\/avatars.slack-edge.com\/2017-03-24\/159171946533_a097aeb4e3afff0842be_192.png",
            "image_512": "https:\/\/avatars.slack-edge.com\/2017-03-24\/159171946533_a097aeb4e3afff0842be_512.png",
            "image_1024": "https:\/\/avatars.slack-edge.com\/2017-03-24\/159171946533_a097aeb4e3afff0842be_1024.png",
            "image_original": "https:\/\/avatars.slack-edge.com\/2017-03-24\/159171946533_a097aeb4e3afff0842be_original.png",
            "fields": [],
            "real_name": "Grace Zheng",
            "real_name_normalized": "Grace Zheng",
            "email": "s3558319@student.rmit.edu.au"
        },
        "is_admin": false,
        "is_owner": false,
        "is_primary_owner": false,
        "is_restricted": false,
        "is_ultra_restricted": false,
        "is_bot": false,
        "updated": 1490323776
    },
    {
        "id": "U4BBG61A8",
        "team_id": "T4BA4NFCM",
        "name": "paulo_zebflo",
        "deleted": false,
        "status": null,
        "color": "e7392d",
        "real_name": "Paulo Zeballos",
        "tz": "Australia\/Canberra",
        "tz_label": "Australian Eastern Standard Time",
        "tz_offset": 36000,
        "profile": {
            "first_name": "Paulo",
            "last_name": "Zeballos",
            "avatar_hash": "gfa0fb8c5292",
            "real_name": "Paulo Zeballos",
            "real_name_normalized": "Paulo Zeballos",
            "email": "s3568672@student.rmit.edu.au",
            "image_24": "https:\/\/secure.gravatar.com\/avatar\/fa0fb8c5292c70e94c8181cbbc76287f.jpg?s=24&d=https%3A%2F%2Fa.slack-edge.com%2F66f9%2Fimg%2Favatars%2Fava_0013-24.png",
            "image_32": "https:\/\/secure.gravatar.com\/avatar\/fa0fb8c5292c70e94c8181cbbc76287f.jpg?s=32&d=https%3A%2F%2Fa.slack-edge.com%2F0180%2Fimg%2Favatars%2Fava_0013-32.png",
            "image_48": "https:\/\/secure.gravatar.com\/avatar\/fa0fb8c5292c70e94c8181cbbc76287f.jpg?s=48&d=https%3A%2F%2Fa.slack-edge.com%2F66f9%2Fimg%2Favatars%2Fava_0013-48.png",
            "image_72": "https:\/\/secure.gravatar.com\/avatar\/fa0fb8c5292c70e94c8181cbbc76287f.jpg?s=72&d=https%3A%2F%2Fa.slack-edge.com%2F66f9%2Fimg%2Favatars%2Fava_0013-72.png",
            "image_192": "https:\/\/secure.gravatar.com\/avatar\/fa0fb8c5292c70e94c8181cbbc76287f.jpg?s=192&d=https%3A%2F%2Fa.slack-edge.com%2F7fa9%2Fimg%2Favatars%2Fava_0013-192.png",
            "image_512": "https:\/\/secure.gravatar.com\/avatar\/fa0fb8c5292c70e94c8181cbbc76287f.jpg?s=512&d=https%3A%2F%2Fa.slack-edge.com%2F7fa9%2Fimg%2Favatars%2Fava_0013-512.png",
            "fields": null
        },
        "is_admin": false,
        "is_owner": false,
        "is_primary_owner": false,
        "is_restricted": false,
        "is_ultra_restricted": false,
        "is_bot": false,
        "updated": 1488259991
    },
    {
        "id": "U4BPNLD5Z",
        "team_id": "T4BA4NFCM",
        "name": "trello",
        "deleted": false,
        "status": null,
        "color": "3c989f",
        "real_name": "Trello",
        "tz": null,
        "tz_label": "Pacific Daylight Time",
        "tz_offset": -25200,
        "profile": {
            "bot_id": "B4BRP3FFU",
            "api_app_id": "A074YH40Z",
            "always_active": true,
            "first_name": "Trello",
            "avatar_hash": "18a77d097363",
            "image_24": "https:\/\/avatars.slack-edge.com\/2017-02-28\/147961771141_18a77d09736300bab2a3_24.png",
            "image_32": "https:\/\/avatars.slack-edge.com\/2017-02-28\/147961771141_18a77d09736300bab2a3_32.png",
            "image_48": "https:\/\/avatars.slack-edge.com\/2017-02-28\/147961771141_18a77d09736300bab2a3_48.png",
            "image_72": "https:\/\/avatars.slack-edge.com\/2017-02-28\/147961771141_18a77d09736300bab2a3_72.png",
            "image_192": "https:\/\/avatars.slack-edge.com\/2017-02-28\/147961771141_18a77d09736300bab2a3_192.png",
            "image_512": "https:\/\/avatars.slack-edge.com\/2017-02-28\/147961771141_18a77d09736300bab2a3_512.png",
            "image_1024": "https:\/\/avatars.slack-edge.com\/2017-02-28\/147961771141_18a77d09736300bab2a3_512.png",
            "image_original": "https:\/\/avatars.slack-edge.com\/2017-02-28\/147961771141_18a77d09736300bab2a3_original.png",
            "real_name": "Trello",
            "real_name_normalized": "Trello",
            "fields": null
        },
        "is_admin": false,
        "is_owner": false,
        "is_primary_owner": false,
        "is_restricted": false,
        "is_ultra_restricted": false,
        "is_bot": true,
        "updated": 1488332892
    }
]