[
    {
        "text": "",
        "bot_id": "B4AQDEYNL",
        "attachments": [
            {
                "fallback": "<https:\/\/github.com\/Pancrisp\/SEPT-Copsicus\/tree\/dev|[SEPT-Copsicus:dev]> <https:\/\/github.com\/Pancrisp\/SEPT-Copsicus\/compare\/a620d42e7d0b...ffe7de521e25|2 new commits> by rmit-s3568672-paulo-zeballos",
                "text": "`<https:\/\/github.com\/Pancrisp\/SEPT-Copsicus\/commit\/f3ba032333a3400da65ed98e8d1a5bcf65a229ac|f3ba032>` modified tests to adopt GUI changes:  login, registration and booking summary - rmit-s3568672-paulo-zeballos\n `<https:\/\/github.com\/Pancrisp\/SEPT-Copsicus\/commit\/ffe7de521e2583abd2de43dbe1a577cc321a9e61|ffe7de5>` refactored and added test case to Add Employee test - rmit-s3568672-paulo-zeballos",
                "pretext": "<https:\/\/github.com\/Pancrisp\/SEPT-Copsicus\/tree\/dev|[SEPT-Copsicus:dev]> <https:\/\/github.com\/Pancrisp\/SEPT-Copsicus\/compare\/a620d42e7d0b...ffe7de521e25|2 new commits> by rmit-s3568672-paulo-zeballos:",
                "id": 1,
                "color": "4183C4",
                "mrkdwn_in": [
                    "text",
                    "pretext"
                ]
            }
        ],
        "type": "message",
        "subtype": "bot_message",
        "ts": "1491608782.515716"
    }
]