[
    {
        "text": "added an integration to this channel: <https:\/\/sept-copsicus.slack.com\/services\/B4AM3B86M|github>",
        "bot_id": "B4AM3B86M",
        "type": "message",
        "subtype": "bot_add",
        "user": "U4B7HTH1Q",
        "ts": "1488275917.910268"
    },
    {
        "text": "removed an integration from this channel: <https:\/\/sept-copsicus.slack.com\/services\/B4B6FF6H1|github>",
        "bot_id": "B4B6FF6H1",
        "type": "message",
        "subtype": "bot_remove",
        "user": "U4B7HTH1Q",
        "ts": "1488276011.913571"
    },
    {
        "text": "removed an integration from this channel: <https:\/\/sept-copsicus.slack.com\/services\/B4AM3B86M|github>",
        "bot_id": "B4AM3B86M",
        "type": "message",
        "subtype": "bot_remove",
        "user": "U4B7HTH1Q",
        "ts": "1488276022.913974"
    },
    {
        "text": "added an integration to this channel: <https:\/\/sept-copsicus.slack.com\/services\/B4AQDEYNL|github>",
        "bot_id": "B4AQDEYNL",
        "type": "message",
        "subtype": "bot_add",
        "user": "U4B7HTH1Q",
        "ts": "1488295884.691341"
    },
    {
        "text": "",
        "bot_id": "B4AQDEYNL",
        "attachments": [
            {
                "fallback": "<https:\/\/github.com\/Pancrisp\/SEPT-Copsicus\/tree\/master|[SEPT-Copsicus:master]> <https:\/\/github.com\/Pancrisp\/SEPT-Copsicus\/commit\/4fb804c71da1b70e1cb5da8a3a7e1887bd6031ef|1 new commit> by Pancrisp",
                "text": "`<https:\/\/github.com\/Pancrisp\/SEPT-Copsicus\/commit\/4fb804c71da1b70e1cb5da8a3a7e1887bd6031ef|4fb804c>` Test file for verifying webhook - Pancrisp",
                "pretext": "<https:\/\/github.com\/Pancrisp\/SEPT-Copsicus\/tree\/master|[SEPT-Copsicus:master]> 1 new commit by Pancrisp:",
                "id": 1,
                "color": "4183C4",
                "mrkdwn_in": [
                    "text",
                    "pretext"
                ]
            }
        ],
        "type": "message",
        "subtype": "bot_message",
        "ts": "1488297067.773624"
    },
    {
        "text": "",
        "bot_id": "B4AQDEYNL",
        "attachments": [
            {
                "fallback": "<https:\/\/github.com\/Pancrisp\/SEPT-Copsicus\/tree\/master|[SEPT-Copsicus:master]> <https:\/\/github.com\/Pancrisp\/SEPT-Copsicus\/commit\/bb393ffd4261818e89e615d9802e23b921e6541f|1 new commit> by Grace ZHENG",
                "text": "`<https:\/\/github.com\/Pancrisp\/SEPT-Copsicus\/commit\/bb393ffd4261818e89e615d9802e23b921e6541f|bb393ff>` testing webhook - Grace ZHENG",
                "pretext": "<https:\/\/github.com\/Pancrisp\/SEPT-Copsicus\/tree\/master|[SEPT-Copsicus:master]> 1 new commit by Grace ZHENG:",
                "id": 1,
                "color": "4183C4",
                "mrkdwn_in": [
                    "text",
                    "pretext"
                ]
            }
        ],
        "type": "message",
        "subtype": "bot_message",
        "ts": "1488327411.774701"
    }
]