[
    {
        "text": "",
        "bot_id": "B4AQDEYNL",
        "attachments": [
            {
                "fallback": "<https:\/\/github.com\/Pancrisp\/SEPT-Copsicus\/tree\/master|[SEPT-Copsicus:master]> <https:\/\/github.com\/Pancrisp\/SEPT-Copsicus\/commit\/d349fad376449b35097c70e49067869bb272d5b9|1 new commit> by Pancrisp",
                "text": "`<https:\/\/github.com\/Pancrisp\/SEPT-Copsicus\/commit\/d349fad376449b35097c70e49067869bb272d5b9|d349fad>` Laravel base added - Pancrisp",
                "pretext": "<https:\/\/github.com\/Pancrisp\/SEPT-Copsicus\/tree\/master|[SEPT-Copsicus:master]> 1 new commit by Pancrisp:",
                "id": 1,
                "color": "4183C4",
                "mrkdwn_in": [
                    "text",
                    "pretext"
                ]
            }
        ],
        "type": "message",
        "subtype": "bot_message",
        "ts": "1488756546.467693"
    }
]