[
    {
        "text": "",
        "bot_id": "B4AQDEYNL",
        "attachments": [
            {
                "fallback": "[Pancrisp\/SEPT-Copsicus] Pull request submitted: '#2 Login signup' https:\/\/github.com\/Pancrisp\/SEPT-Copsicus\/pull\/2 by Pancrisp",
                "pretext": "[Pancrisp\/SEPT-Copsicus] Pull request submitted by <https:\/\/github.com\/Pancrisp|Pancrisp>",
                "title": "#2 Login signup",
                "id": 1,
                "title_link": "https:\/\/github.com\/Pancrisp\/SEPT-Copsicus\/pull\/2",
                "color": "6CC644",
                "mrkdwn_in": [
                    "text",
                    "pretext"
                ]
            }
        ],
        "type": "message",
        "subtype": "bot_message",
        "ts": "1489827591.750517"
    },
    {
        "text": "",
        "bot_id": "B4AQDEYNL",
        "attachments": [
            {
                "fallback": "[Pancrisp\/SEPT-Copsicus] Pull request closed: <https:\/\/github.com\/Pancrisp\/SEPT-Copsicus\/pull\/2|#2 Login signup> by <https:\/\/github.com\/Pancrisp|Pancrisp>",
                "text": "[Pancrisp\/SEPT-Copsicus] Pull request closed: <https:\/\/github.com\/Pancrisp\/SEPT-Copsicus\/pull\/2|#2 Login signup> by <https:\/\/github.com\/Pancrisp|Pancrisp>",
                "id": 1,
                "color": "E3E4E6",
                "mrkdwn_in": [
                    "text",
                    "pretext"
                ]
            }
        ],
        "type": "message",
        "subtype": "bot_message",
        "ts": "1489827597.750681"
    },
    {
        "text": "",
        "bot_id": "B4AQDEYNL",
        "attachments": [
            {
                "fallback": "<https:\/\/github.com\/Pancrisp\/SEPT-Copsicus\/tree\/master|[SEPT-Copsicus:master]> <https:\/\/github.com\/Pancrisp\/SEPT-Copsicus\/compare\/3b04e8e43952...e14601c64175|3 new commits> by Pancrisp and 1 other",
                "text": "`<https:\/\/github.com\/Pancrisp\/SEPT-Copsicus\/commit\/3a3f2690a92dfdd68e82e5aef14e351099a0f988|3a3f269>` Added views for login\/registration pages - Pancrisp\n `<https:\/\/github.com\/Pancrisp\/SEPT-Copsicus\/commit\/44eb320d86ffb4b90198e7cd99006a3fef65d82b|44eb320>` Added signup form - Pancrisp\n `<https:\/\/github.com\/Pancrisp\/SEPT-Copsicus\/commit\/e14601c64175232f3f60886d4a2077edb76ee15f|e14601c>` Merge pull request #2 from Pancrisp\/login_signup - Ervin Chua",
                "pretext": "<https:\/\/github.com\/Pancrisp\/SEPT-Copsicus\/tree\/master|[SEPT-Copsicus:master]> <https:\/\/github.com\/Pancrisp\/SEPT-Copsicus\/compare\/3b04e8e43952...e14601c64175|3 new commits> by Pancrisp and 1 other:",
                "id": 1,
                "color": "4183C4",
                "mrkdwn_in": [
                    "text",
                    "pretext"
                ]
            }
        ],
        "type": "message",
        "subtype": "bot_message",
        "ts": "1489827597.750700"
    },
    {
        "text": "",
        "bot_id": "B4AQDEYNL",
        "attachments": [
            {
                "fallback": "<https:\/\/github.com\/Pancrisp\/SEPT-Copsicus|[SEPT-Copsicus]> The branch \"test_login\" was deleted by Pancrisp",
                "text": "<https:\/\/github.com\/Pancrisp\/SEPT-Copsicus|[SEPT-Copsicus]> The branch \"test_login\" was deleted by Pancrisp",
                "id": 1,
                "color": "4183C4",
                "mrkdwn_in": [
                    "text",
                    "pretext"
                ]
            }
        ],
        "type": "message",
        "subtype": "bot_message",
        "ts": "1489827627.752365"
    },
    {
        "text": "",
        "bot_id": "B4AQDEYNL",
        "attachments": [
            {
                "fallback": "<https:\/\/github.com\/Pancrisp\/SEPT-Copsicus|[SEPT-Copsicus]> The branch \"login_signup\" was deleted by Pancrisp",
                "text": "<https:\/\/github.com\/Pancrisp\/SEPT-Copsicus|[SEPT-Copsicus]> The branch \"login_signup\" was deleted by Pancrisp",
                "id": 1,
                "color": "4183C4",
                "mrkdwn_in": [
                    "text",
                    "pretext"
                ]
            }
        ],
        "type": "message",
        "subtype": "bot_message",
        "ts": "1489827635.752640"
    },
    {
        "text": "",
        "bot_id": "B4AQDEYNL",
        "attachments": [
            {
                "fallback": "[Pancrisp\/SEPT-Copsicus] Pull request submitted: '#3 added unit tests for registration' https:\/\/github.com\/Pancrisp\/SEPT-Copsicus\/pull\/3 by Pancrisp",
                "text": "```new file:   tests\/Feature\/RegistrationTest.php```",
                "pretext": "[Pancrisp\/SEPT-Copsicus] Pull request submitted by <https:\/\/github.com\/Pancrisp|Pancrisp>",
                "title": "#3 added unit tests for registration",
                "id": 1,
                "title_link": "https:\/\/github.com\/Pancrisp\/SEPT-Copsicus\/pull\/3",
                "color": "6CC644",
                "mrkdwn_in": [
                    "text",
                    "pretext"
                ]
            }
        ],
        "type": "message",
        "subtype": "bot_message",
        "ts": "1489827930.762166"
    },
    {
        "text": "",
        "bot_id": "B4AQDEYNL",
        "attachments": [
            {
                "fallback": "[Pancrisp\/SEPT-Copsicus] Pull request closed: <https:\/\/github.com\/Pancrisp\/SEPT-Copsicus\/pull\/3|#3 added unit tests for registration> by <https:\/\/github.com\/Pancrisp|Pancrisp>",
                "text": "[Pancrisp\/SEPT-Copsicus] Pull request closed: <https:\/\/github.com\/Pancrisp\/SEPT-Copsicus\/pull\/3|#3 added unit tests for registration> by <https:\/\/github.com\/Pancrisp|Pancrisp>",
                "id": 1,
                "color": "E3E4E6",
                "mrkdwn_in": [
                    "text",
                    "pretext"
                ]
            }
        ],
        "type": "message",
        "subtype": "bot_message",
        "ts": "1489827934.762342"
    },
    {
        "text": "",
        "bot_id": "B4AQDEYNL",
        "attachments": [
            {
                "fallback": "<https:\/\/github.com\/Pancrisp\/SEPT-Copsicus\/tree\/master|[SEPT-Copsicus:master]> <https:\/\/github.com\/Pancrisp\/SEPT-Copsicus\/compare\/e14601c64175...233199699daa|2 new commits> by Grace Zheng and 1 other",
                "text": "`<https:\/\/github.com\/Pancrisp\/SEPT-Copsicus\/commit\/2a5fd46cc83c3ffa069d73a5423a180d602550f8|2a5fd46>` added unit tests for registration - Grace Zheng\n `<https:\/\/github.com\/Pancrisp\/SEPT-Copsicus\/commit\/233199699daa68316e286f26a8975b914ba507c4|2331996>` Merge pull request #3 from Pancrisp\/registration - Ervin Chua",
                "pretext": "<https:\/\/github.com\/Pancrisp\/SEPT-Copsicus\/tree\/master|[SEPT-Copsicus:master]> <https:\/\/github.com\/Pancrisp\/SEPT-Copsicus\/compare\/e14601c64175...233199699daa|2 new commits> by Grace Zheng and 1 other:",
                "id": 1,
                "color": "4183C4",
                "mrkdwn_in": [
                    "text",
                    "pretext"
                ]
            }
        ],
        "type": "message",
        "subtype": "bot_message",
        "ts": "1489827935.762359"
    },
    {
        "text": "",
        "bot_id": "B4AQDEYNL",
        "attachments": [
            {
                "fallback": "<https:\/\/github.com\/Pancrisp\/SEPT-Copsicus\/tree\/database|[SEPT-Copsicus:database]> <https:\/\/github.com\/Pancrisp\/SEPT-Copsicus\/compare\/cc5eac5e2e11...bb6512e5f5a9|9 new commits> by rmit-s3568672-paulo-zeballos and 3 others",
                "text": "`<https:\/\/github.com\/Pancrisp\/SEPT-Copsicus\/commit\/b7727fdeab3850b002ae6981b3e3bff41721a859|b7727fd>` added login tests - rmit-s3568672-paulo-zeballos\n `<https:\/\/github.com\/Pancrisp\/SEPT-Copsicus\/commit\/2a5fd46cc83c3ffa069d73a5423a180d602550f8|2a5fd46>` added unit tests for registration - Grace Zheng\n `<https:\/\/github.com\/Pancrisp\/SEPT-Copsicus\/commit\/3a3f2690a92dfdd68e82e5aef14e351099a0f988|3a3f269>` Added views for login\/registration pages - Pancrisp\n `<https:\/\/github.com\/Pancrisp\/SEPT-Copsicus\/commit\/44eb320d86ffb4b90198e7cd99006a3fef65d82b|44eb320>` Added signup form - Pancrisp\n `<https:\/\/github.com\/Pancrisp\/SEPT-Copsicus\/commit\/3b04e8e4395240b5b249b1b7f92760cb2aab249a|3b04e8e>` Merge pull request #1 from Pancrisp\/test_login - Ervin Chua\n `<https:\/\/github.com\/Pancrisp\/SEPT-Copsicus\/commit\/e14601c64175232f3f60886d4a2077edb76ee15f|e14601c>` Merge pull request #2 from Pancrisp\/login_signup - Ervin Chua\n `<https:\/\/github.com\/Pancrisp\/SEPT-Copsicus\/commit\/233199699daa68316e286f26a8975b914ba507c4|2331996>` Merge pull request #3 from Pancrisp\/registration - Ervin Chua\n `<https:\/\/github.com\/Pancrisp\/SEPT-Copsicus\/commit\/0f5bf0bc563e618f4ca30a106629d1efc1723a65|0f5bf0b>` added modals and created database tables - Grace Zheng\n `<https:\/\/github.com\/Pancrisp\/SEPT-Copsicus\/commit\/bb6512e5f5a9ddedf1c11a344f32b1dc8979e975|bb6512e>` Merge branch 'database' of <https:\/\/github.com\/Pancrisp\/SEPT-Copsicus> into database - Grace Zheng",
                "pretext": "<https:\/\/github.com\/Pancrisp\/SEPT-Copsicus\/tree\/database|[SEPT-Copsicus:database]> <https:\/\/github.com\/Pancrisp\/SEPT-Copsicus\/compare\/cc5eac5e2e11...bb6512e5f5a9|9 new commits> by rmit-s3568672-paulo-zeballos and 3 others:",
                "id": 1,
                "color": "4183C4",
                "mrkdwn_in": [
                    "text",
                    "pretext"
                ]
            }
        ],
        "type": "message",
        "subtype": "bot_message",
        "ts": "1489899060.624351"
    },
    {
        "text": "",
        "bot_id": "B4AQDEYNL",
        "attachments": [
            {
                "fallback": "[Pancrisp\/SEPT-Copsicus] Pull request submitted: '#4 Database' https:\/\/github.com\/Pancrisp\/SEPT-Copsicus\/pull\/4 by rmit-s3558319-lei-zheng",
                "pretext": "[Pancrisp\/SEPT-Copsicus] Pull request submitted by <https:\/\/github.com\/rmit-s3558319-lei-zheng|rmit-s3558319-lei-zheng>",
                "title": "#4 Database",
                "id": 1,
                "title_link": "https:\/\/github.com\/Pancrisp\/SEPT-Copsicus\/pull\/4",
                "color": "6CC644",
                "mrkdwn_in": [
                    "text",
                    "pretext"
                ]
            }
        ],
        "type": "message",
        "subtype": "bot_message",
        "ts": "1489900161.652655"
    },
    {
        "text": "",
        "bot_id": "B4AQDEYNL",
        "attachments": [
            {
                "fallback": "[Pancrisp\/SEPT-Copsicus] Pull request closed: <https:\/\/github.com\/Pancrisp\/SEPT-Copsicus\/pull\/4|#4 Database> by <https:\/\/github.com\/rmit-s3558319-lei-zheng|rmit-s3558319-lei-zheng>",
                "text": "[Pancrisp\/SEPT-Copsicus] Pull request closed: <https:\/\/github.com\/Pancrisp\/SEPT-Copsicus\/pull\/4|#4 Database> by <https:\/\/github.com\/rmit-s3558319-lei-zheng|rmit-s3558319-lei-zheng>",
                "id": 1,
                "color": "E3E4E6",
                "mrkdwn_in": [
                    "text",
                    "pretext"
                ]
            }
        ],
        "type": "message",
        "subtype": "bot_message",
        "ts": "1489900289.655732"
    },
    {
        "text": "",
        "bot_id": "B4AQDEYNL",
        "attachments": [
            {
                "fallback": "<https:\/\/github.com\/Pancrisp\/SEPT-Copsicus\/tree\/master|[SEPT-Copsicus:master]> <https:\/\/github.com\/Pancrisp\/SEPT-Copsicus\/compare\/233199699daa...0762552023a9|4 new commits> by Grace Zheng and 1 other",
                "text": "`<https:\/\/github.com\/Pancrisp\/SEPT-Copsicus\/commit\/cc5eac5e2e11297095c445d1d0701a692d54586a|cc5eac5>` added modals and created database tables - Grace Zheng\n `<https:\/\/github.com\/Pancrisp\/SEPT-Copsicus\/commit\/0f5bf0bc563e618f4ca30a106629d1efc1723a65|0f5bf0b>` added modals and created database tables - Grace Zheng\n `<https:\/\/github.com\/Pancrisp\/SEPT-Copsicus\/commit\/bb6512e5f5a9ddedf1c11a344f32b1dc8979e975|bb6512e>` Merge branch 'database' of <https:\/\/github.com\/Pancrisp\/SEPT-Copsicus> into database - Grace Zheng\n `<https:\/\/github.com\/Pancrisp\/SEPT-Copsicus\/commit\/0762552023a97e6d4379c27a0c1d79f22e8dd08a|0762552>` Merge pull request #4 from Pancrisp\/database - Grace",
                "pretext": "<https:\/\/github.com\/Pancrisp\/SEPT-Copsicus\/tree\/master|[SEPT-Copsicus:master]> <https:\/\/github.com\/Pancrisp\/SEPT-Copsicus\/compare\/233199699daa...0762552023a9|4 new commits> by Grace Zheng and 1 other:",
                "id": 1,
                "color": "4183C4",
                "mrkdwn_in": [
                    "text",
                    "pretext"
                ]
            }
        ],
        "type": "message",
        "subtype": "bot_message",
        "ts": "1489900290.655747"
    },
    {
        "text": "",
        "bot_id": "B4AQDEYNL",
        "attachments": [
            {
                "fallback": "<https:\/\/github.com\/Pancrisp\/SEPT-Copsicus|[SEPT-Copsicus]> The branch \"database\" was deleted by rmit-s3558319-lei-zheng",
                "text": "<https:\/\/github.com\/Pancrisp\/SEPT-Copsicus|[SEPT-Copsicus]> The branch \"database\" was deleted by rmit-s3558319-lei-zheng",
                "id": 1,
                "color": "4183C4",
                "mrkdwn_in": [
                    "text",
                    "pretext"
                ]
            }
        ],
        "type": "message",
        "subtype": "bot_message",
        "ts": "1489900324.656509"
    }
]