[
    {
        "text": "",
        "bot_id": "B4AQDEYNL",
        "attachments": [
            {
                "fallback": "<https:\/\/github.com\/Pancrisp\/SEPT-Copsicus\/tree\/dev|[SEPT-Copsicus:dev]> <https:\/\/github.com\/Pancrisp\/SEPT-Copsicus\/commit\/efecb957da62f676327fbf0ab56a63178afee546|1 new commit> by Pancrisp",
                "text": "`<https:\/\/github.com\/Pancrisp\/SEPT-Copsicus\/commit\/efecb957da62f676327fbf0ab56a63178afee546|efecb95>` Add separate view for business owners and form for new staff registrations - Pancrisp",
                "pretext": "<https:\/\/github.com\/Pancrisp\/SEPT-Copsicus\/tree\/dev|[SEPT-Copsicus:dev]> 1 new commit by Pancrisp:",
                "id": 1,
                "color": "4183C4",
                "mrkdwn_in": [
                    "text",
                    "pretext"
                ]
            }
        ],
        "type": "message",
        "subtype": "bot_message",
        "ts": "1490425677.716014"
    },
    {
        "text": "",
        "bot_id": "B4AQDEYNL",
        "attachments": [
            {
                "fallback": "<https:\/\/github.com\/Pancrisp\/SEPT-Copsicus\/tree\/dev|[SEPT-Copsicus:dev]> <https:\/\/github.com\/Pancrisp\/SEPT-Copsicus\/commit\/17b9025bac16f9a93297459112cadd9f57999ac1|1 new commit> by Pancrisp",
                "text": "`<https:\/\/github.com\/Pancrisp\/SEPT-Copsicus\/commit\/17b9025bac16f9a93297459112cadd9f57999ac1|17b9025>` Add new routes for updated views - Pancrisp",
                "pretext": "<https:\/\/github.com\/Pancrisp\/SEPT-Copsicus\/tree\/dev|[SEPT-Copsicus:dev]> 1 new commit by Pancrisp:",
                "id": 1,
                "color": "4183C4",
                "mrkdwn_in": [
                    "text",
                    "pretext"
                ]
            }
        ],
        "type": "message",
        "subtype": "bot_message",
        "ts": "1490430634.867832"
    },
    {
        "text": "",
        "bot_id": "B4AQDEYNL",
        "attachments": [
            {
                "fallback": "<https:\/\/github.com\/Pancrisp\/SEPT-Copsicus\/tree\/master|[SEPT-Copsicus:master]> <https:\/\/github.com\/Pancrisp\/SEPT-Copsicus\/compare\/d30bc6680104...a03451a30077|8 new commits> by Pancrisp",
                "text": "`<https:\/\/github.com\/Pancrisp\/SEPT-Copsicus\/commit\/694d78a473302f59d88fb304cc1e301ee67bdab5|694d78a>` Refactored views nad removed redundant files - Pancrisp\n `<https:\/\/github.com\/Pancrisp\/SEPT-Copsicus\/commit\/67b878932761c09f5497fb198b5341b257449b68|67b8789>` Fix scripts' path in package.json - Pancrisp\n `<https:\/\/github.com\/Pancrisp\/SEPT-Copsicus\/commit\/ff716aa5afe4338cea6eb5bd05c6444960976d96|ff716aa>` Link Webpack to compile Sass syntax - Pancrisp\n `<https:\/\/github.com\/Pancrisp\/SEPT-Copsicus\/commit\/b01056bfde257b1ce06e370e0a97286c54fc2321|b01056b>` Merge branch 'dev' of <https:\/\/github.com\/Pancrisp\/SEPT-Copsicus> into dev - Pancrisp\n `<https:\/\/github.com\/Pancrisp\/SEPT-Copsicus\/commit\/92bccfed7032a299c09c3e8300fee95f495f37e6|92bccfe>` Changes to dashboard display and minor bug fixes - Pancrisp\n `<https:\/\/github.com\/Pancrisp\/SEPT-Copsicus\/commit\/efecb957da62f676327fbf0ab56a63178afee546|efecb95>` Add separate view for business owners and form for new staff registrations - Pancrisp\n `<https:\/\/github.com\/Pancrisp\/SEPT-Copsicus\/commit\/17b9025bac16f9a93297459112cadd9f57999ac1|17b9025>` Add new routes for updated views - Pancrisp\n `<https:\/\/github.com\/Pancrisp\/SEPT-Copsicus\/commit\/a03451a30077d735e560fa48c06e82c30169d840|a03451a>` Merge branch 'dev' - Pancrisp",
                "pretext": "<https:\/\/github.com\/Pancrisp\/SEPT-Copsicus\/tree\/master|[SEPT-Copsicus:master]> <https:\/\/github.com\/Pancrisp\/SEPT-Copsicus\/compare\/d30bc6680104...a03451a30077|8 new commits> by Pancrisp:",
                "id": 1,
                "color": "4183C4",
                "mrkdwn_in": [
                    "text",
                    "pretext"
                ]
            }
        ],
        "type": "message",
        "subtype": "bot_message",
        "ts": "1490437410.085493"
    }
]