[
    {
        "text": "",
        "bot_id": "B4AQDEYNL",
        "attachments": [
            {
                "fallback": "<https:\/\/github.com\/Pancrisp\/SEPT-Copsicus\/tree\/dev|[SEPT-Copsicus:dev]> <https:\/\/github.com\/Pancrisp\/SEPT-Copsicus\/commit\/3c0c508035e6fdd19146edbaba68d0cc0234e06a|1 new commit> by Grace Zheng",
                "text": "`<https:\/\/github.com\/Pancrisp\/SEPT-Copsicus\/commit\/3c0c508035e6fdd19146edbaba68d0cc0234e06a|3c0c508>` added customer details to booking summary page - Grace Zheng",
                "pretext": "<https:\/\/github.com\/Pancrisp\/SEPT-Copsicus\/tree\/dev|[SEPT-Copsicus:dev]> 1 new commit by Grace Zheng:",
                "id": 1,
                "color": "4183C4",
                "mrkdwn_in": [
                    "text",
                    "pretext"
                ]
            }
        ],
        "type": "message",
        "subtype": "bot_message",
        "ts": "1490614123.871036"
    },
    {
        "text": "",
        "bot_id": "B4AQDEYNL",
        "attachments": [
            {
                "fallback": "<https:\/\/github.com\/Pancrisp\/SEPT-Copsicus\/tree\/dev|[SEPT-Copsicus:dev]> <https:\/\/github.com\/Pancrisp\/SEPT-Copsicus\/commit\/e257651c5fb444fd49c0208d18ddcb721ef9d31c|1 new commit> by Grace Zheng",
                "text": "`<https:\/\/github.com\/Pancrisp\/SEPT-Copsicus\/commit\/e257651c5fb444fd49c0208d18ddcb721ef9d31c|e257651>` moved error messages on login page to appropriate place - Grace Zheng",
                "pretext": "<https:\/\/github.com\/Pancrisp\/SEPT-Copsicus\/tree\/dev|[SEPT-Copsicus:dev]> 1 new commit by Grace Zheng:",
                "id": 1,
                "color": "4183C4",
                "mrkdwn_in": [
                    "text",
                    "pretext"
                ]
            }
        ],
        "type": "message",
        "subtype": "bot_message",
        "ts": "1490618658.626098"
    },
    {
        "text": "",
        "bot_id": "B4AQDEYNL",
        "attachments": [
            {
                "fallback": "<https:\/\/github.com\/Pancrisp\/SEPT-Copsicus\/tree\/dev|[SEPT-Copsicus:dev]> <https:\/\/github.com\/Pancrisp\/SEPT-Copsicus\/compare\/e257651c5fb4...19f18081e783|4 new commits> by Ervin Chua and 2 others",
                "text": "`<https:\/\/github.com\/Pancrisp\/SEPT-Copsicus\/commit\/d30bc668010407eda3f488aea0049e21a3327748|d30bc66>` Remove file for webhook validation - Ervin Chua\n `<https:\/\/github.com\/Pancrisp\/SEPT-Copsicus\/commit\/a03451a30077d735e560fa48c06e82c30169d840|a03451a>` Merge branch 'dev' - Pancrisp\n `<https:\/\/github.com\/Pancrisp\/SEPT-Copsicus\/commit\/160181739c325f9d11eb1dd1959832f6307b14db|1601817>` Merge branch 'dev' of <https:\/\/github.com\/Pancrisp\/SEPT-Copsicus> into dev - Ervin\n `<https:\/\/github.com\/Pancrisp\/SEPT-Copsicus\/commit\/19f18081e78398a26d4def64d4398527a7d032b7|19f1808>` Fix error messages in login\/registration pages - Ervin",
                "pretext": "<https:\/\/github.com\/Pancrisp\/SEPT-Copsicus\/tree\/dev|[SEPT-Copsicus:dev]> <https:\/\/github.com\/Pancrisp\/SEPT-Copsicus\/compare\/e257651c5fb4...19f18081e783|4 new commits> by Ervin Chua and 2 others:",
                "id": 1,
                "color": "4183C4",
                "mrkdwn_in": [
                    "text",
                    "pretext"
                ]
            }
        ],
        "type": "message",
        "subtype": "bot_message",
        "ts": "1490655763.560116"
    },
    {
        "text": "",
        "bot_id": "B4AQDEYNL",
        "attachments": [
            {
                "fallback": "<https:\/\/github.com\/Pancrisp\/SEPT-Copsicus\/tree\/dev|[SEPT-Copsicus:dev]> <https:\/\/github.com\/Pancrisp\/SEPT-Copsicus\/compare\/19f18081e783...f8290d53fc04|4 new commits> by vagrant and 1 other",
                "text": "`<https:\/\/github.com\/Pancrisp\/SEPT-Copsicus\/commit\/922f254a22f825fbb89d516728d5d15f5d441f28|922f254>` added customer factory generator - vagrant\n `<https:\/\/github.com\/Pancrisp\/SEPT-Copsicus\/commit\/3234a3893cc928abddf93a5a7ac3b7988ccc1a53|3234a38>` adding Dusk php browser - root\n `<https:\/\/github.com\/Pancrisp\/SEPT-Copsicus\/commit\/2ac84007554150952e6499c4bfe5fb998d2cb2db|2ac8400>` installing dusk - root\n `<https:\/\/github.com\/Pancrisp\/SEPT-Copsicus\/commit\/f8290d53fc04101e5bf776c44eea8ed5f93c6e98|f8290d5>` Merge branch 'dev' of <https:\/\/github.com\/Pancrisp\/SEPT-Copsicus> into dev - root",
                "pretext": "<https:\/\/github.com\/Pancrisp\/SEPT-Copsicus\/tree\/dev|[SEPT-Copsicus:dev]> <https:\/\/github.com\/Pancrisp\/SEPT-Copsicus\/compare\/19f18081e783...f8290d53fc04|4 new commits> by vagrant and 1 other:",
                "id": 1,
                "color": "4183C4",
                "mrkdwn_in": [
                    "text",
                    "pretext"
                ]
            }
        ],
        "type": "message",
        "subtype": "bot_message",
        "ts": "1490655845.572515"
    },
    {
        "text": "",
        "bot_id": "B4AQDEYNL",
        "attachments": [
            {
                "fallback": "<https:\/\/github.com\/Pancrisp\/SEPT-Copsicus\/tree\/dev|[SEPT-Copsicus:dev]> <https:\/\/github.com\/Pancrisp\/SEPT-Copsicus\/commit\/97fe497d575bc0992cd628167ba335fe8ccdd29d|1 new commit> by Ervin",
                "text": "`<https:\/\/github.com\/Pancrisp\/SEPT-Copsicus\/commit\/97fe497d575bc0992cd628167ba335fe8ccdd29d|97fe497>` Changed error message text to red - Ervin",
                "pretext": "<https:\/\/github.com\/Pancrisp\/SEPT-Copsicus\/tree\/dev|[SEPT-Copsicus:dev]> 1 new commit by Ervin:",
                "id": 1,
                "color": "4183C4",
                "mrkdwn_in": [
                    "text",
                    "pretext"
                ]
            }
        ],
        "type": "message",
        "subtype": "bot_message",
        "ts": "1490656255.632874"
    },
    {
        "text": "",
        "bot_id": "B4AQDEYNL",
        "attachments": [
            {
                "fallback": "<https:\/\/github.com\/Pancrisp\/SEPT-Copsicus\/tree\/dev|[SEPT-Copsicus:dev]> <https:\/\/github.com\/Pancrisp\/SEPT-Copsicus\/commit\/f3c5aad4c164f4385342d19948bc3663f1a9d001|1 new commit> by Ervin",
                "text": "`<https:\/\/github.com\/Pancrisp\/SEPT-Copsicus\/commit\/f3c5aad4c164f4385342d19948bc3663f1a9d001|f3c5aad>` Fix typos and errors caused by adding test library - Ervin",
                "pretext": "<https:\/\/github.com\/Pancrisp\/SEPT-Copsicus\/tree\/dev|[SEPT-Copsicus:dev]> 1 new commit by Ervin:",
                "id": 1,
                "color": "4183C4",
                "mrkdwn_in": [
                    "text",
                    "pretext"
                ]
            }
        ],
        "type": "message",
        "subtype": "bot_message",
        "ts": "1490657623.818015"
    }
]