[
    {
        "text": "",
        "bot_id": "B4AQDEYNL",
        "attachments": [
            {
                "fallback": "<https:\/\/github.com\/Pancrisp\/SEPT-Copsicus\/tree\/dev|[SEPT-Copsicus:dev]> <https:\/\/github.com\/Pancrisp\/SEPT-Copsicus\/commit\/694d78a473302f59d88fb304cc1e301ee67bdab5|1 new commit> by Pancrisp",
                "text": "`<https:\/\/github.com\/Pancrisp\/SEPT-Copsicus\/commit\/694d78a473302f59d88fb304cc1e301ee67bdab5|694d78a>` Refactored views nad removed redundant files - Pancrisp",
                "pretext": "<https:\/\/github.com\/Pancrisp\/SEPT-Copsicus\/tree\/dev|[SEPT-Copsicus:dev]> 1 new commit by Pancrisp:",
                "id": 1,
                "color": "4183C4",
                "mrkdwn_in": [
                    "text",
                    "pretext"
                ]
            }
        ],
        "type": "message",
        "subtype": "bot_message",
        "ts": "1490185987.079050"
    }
]