[
    {
        "text": "",
        "bot_id": "B4AQDEYNL",
        "attachments": [
            {
                "fallback": "<https:\/\/github.com\/Pancrisp\/SEPT-Copsicus\/tree\/dev|[SEPT-Copsicus:dev]> <https:\/\/github.com\/Pancrisp\/SEPT-Copsicus\/commit\/f4e1dfe1b8732c366b778e16ec6b3978a87b8134|1 new commit> by Grace Zheng",
                "text": "`<https:\/\/github.com\/Pancrisp\/SEPT-Copsicus\/commit\/f4e1dfe1b8732c366b778e16ec6b3978a87b8134|f4e1dfe>` cleaned up booking route and implemented new bookings today in booking summary - Grace Zheng",
                "pretext": "<https:\/\/github.com\/Pancrisp\/SEPT-Copsicus\/tree\/dev|[SEPT-Copsicus:dev]> 1 new commit by Grace Zheng:",
                "id": 1,
                "color": "4183C4",
                "mrkdwn_in": [
                    "text",
                    "pretext"
                ]
            }
        ],
        "type": "message",
        "subtype": "bot_message",
        "ts": "1491721911.781516"
    },
    {
        "text": "",
        "bot_id": "B4AQDEYNL",
        "attachments": [
            {
                "fallback": "<https:\/\/github.com\/Pancrisp\/SEPT-Copsicus|[SEPT-Copsicus]> New branch \"<https:\/\/github.com\/Pancrisp\/SEPT-Copsicus\/tree\/button-back|button-back>\" was pushed by Pancrisp",
                "text": "<https:\/\/github.com\/Pancrisp\/SEPT-Copsicus|[SEPT-Copsicus]> New branch \"<https:\/\/github.com\/Pancrisp\/SEPT-Copsicus\/tree\/button-back|button-back>\" was pushed by Pancrisp",
                "id": 1,
                "color": "4183C4",
                "mrkdwn_in": [
                    "text",
                    "pretext"
                ]
            }
        ],
        "type": "message",
        "subtype": "bot_message",
        "ts": "1491723474.822726"
    },
    {
        "text": "",
        "bot_id": "B4AQDEYNL",
        "attachments": [
            {
                "fallback": "<https:\/\/github.com\/Pancrisp\/SEPT-Copsicus\/tree\/dev|[SEPT-Copsicus:dev]> <https:\/\/github.com\/Pancrisp\/SEPT-Copsicus\/compare\/f4e1dfe1b873...06fc6e91e61d|2 new commits> by Grace Zheng",
                "text": "`<https:\/\/github.com\/Pancrisp\/SEPT-Copsicus\/commit\/012c644eac74975ceee63a134dfc771c96faf953|012c644>` booking summary includes today's bookings - Grace Zheng\n `<https:\/\/github.com\/Pancrisp\/SEPT-Copsicus\/commit\/06fc6e91e61db88cd7e94721a7ce97ee5ce606c2|06fc6e9>` view weekly roster up and functioning - Grace Zheng",
                "pretext": "<https:\/\/github.com\/Pancrisp\/SEPT-Copsicus\/tree\/dev|[SEPT-Copsicus:dev]> <https:\/\/github.com\/Pancrisp\/SEPT-Copsicus\/compare\/f4e1dfe1b873...06fc6e91e61d|2 new commits> by Grace Zheng:",
                "id": 1,
                "color": "4183C4",
                "mrkdwn_in": [
                    "text",
                    "pretext"
                ]
            }
        ],
        "type": "message",
        "subtype": "bot_message",
        "ts": "1491725173.867719"
    },
    {
        "text": "",
        "bot_id": "B4AQDEYNL",
        "attachments": [
            {
                "fallback": "<https:\/\/github.com\/Pancrisp\/SEPT-Copsicus\/tree\/dev|[SEPT-Copsicus:dev]> <https:\/\/github.com\/Pancrisp\/SEPT-Copsicus\/compare\/06fc6e91e61d...cdfec527571c|5 new commits> by Ervin and 1 other",
                "text": "`<https:\/\/github.com\/Pancrisp\/SEPT-Copsicus\/commit\/b5b35fa488e06fcfcd3500e24d976eccdffe6fdb|b5b35fa>` Added 'go back to dashboard' links - Ervin\n `<https:\/\/github.com\/Pancrisp\/SEPT-Copsicus\/commit\/d88d8608487506b0dabcd7e59c16083de62d4b28|d88d860>` booking summary includes today's bookings - Grace Zheng\n `<https:\/\/github.com\/Pancrisp\/SEPT-Copsicus\/commit\/04393a91776a393702966c28f9bb5f4e90ebeec8|04393a9>` view weekly roster up and functioning - Grace Zheng\n `<https:\/\/github.com\/Pancrisp\/SEPT-Copsicus\/commit\/912da4b3294aa336a27324b0f437afd59d074f59|912da4b>` implemented go back to dashboard - Grace Zheng\n `<https:\/\/github.com\/Pancrisp\/SEPT-Copsicus\/commit\/cdfec527571c4be3f51142bfc8b98b771d21fb29|cdfec52>` Merge branch 'button-back' into dev - Grace Zheng",
                "pretext": "<https:\/\/github.com\/Pancrisp\/SEPT-Copsicus\/tree\/dev|[SEPT-Copsicus:dev]> <https:\/\/github.com\/Pancrisp\/SEPT-Copsicus\/compare\/06fc6e91e61d...cdfec527571c|5 new commits> by Ervin and 1 other:",
                "id": 1,
                "color": "4183C4",
                "mrkdwn_in": [
                    "text",
                    "pretext"
                ]
            }
        ],
        "type": "message",
        "subtype": "bot_message",
        "ts": "1491726678.908497"
    },
    {
        "text": "",
        "bot_id": "B4AQDEYNL",
        "attachments": [
            {
                "fallback": "<https:\/\/github.com\/Pancrisp\/SEPT-Copsicus\/tree\/dev|[SEPT-Copsicus:dev]> <https:\/\/github.com\/Pancrisp\/SEPT-Copsicus\/commit\/b36f205e187429ca5a33a46444667d9eeb104103|1 new commit> by Grace Zheng",
                "text": "`<https:\/\/github.com\/Pancrisp\/SEPT-Copsicus\/commit\/b36f205e187429ca5a33a46444667d9eeb104103|b36f205>` implemented view available slots for customer dashboard - Grace Zheng",
                "pretext": "<https:\/\/github.com\/Pancrisp\/SEPT-Copsicus\/tree\/dev|[SEPT-Copsicus:dev]> 1 new commit by Grace Zheng:",
                "id": 1,
                "color": "4183C4",
                "mrkdwn_in": [
                    "text",
                    "pretext"
                ]
            }
        ],
        "type": "message",
        "subtype": "bot_message",
        "ts": "1491735657.166444"
    },
    {
        "text": "",
        "bot_id": "B4AQDEYNL",
        "attachments": [
            {
                "fallback": "<https:\/\/github.com\/Pancrisp\/SEPT-Copsicus\/tree\/dev|[SEPT-Copsicus:dev]> <https:\/\/github.com\/Pancrisp\/SEPT-Copsicus\/commit\/8e752a5e2365edeabff7e95ce0e65b8b56efc720|1 new commit> by Grace Zheng",
                "text": "`<https:\/\/github.com\/Pancrisp\/SEPT-Copsicus\/commit\/8e752a5e2365edeabff7e95ce0e65b8b56efc720|8e752a5>` added primaryKey to modals, roster now update when the shift exists - Grace Zheng",
                "pretext": "<https:\/\/github.com\/Pancrisp\/SEPT-Copsicus\/tree\/dev|[SEPT-Copsicus:dev]> 1 new commit by Grace Zheng:",
                "id": 1,
                "color": "4183C4",
                "mrkdwn_in": [
                    "text",
                    "pretext"
                ]
            }
        ],
        "type": "message",
        "subtype": "bot_message",
        "ts": "1491737567.227083"
    },
    {
        "text": "",
        "bot_id": "B4AQDEYNL",
        "attachments": [
            {
                "fallback": "<https:\/\/github.com\/Pancrisp\/SEPT-Copsicus\/tree\/dev|[SEPT-Copsicus:dev]> <https:\/\/github.com\/Pancrisp\/SEPT-Copsicus\/commit\/ef5cade7c835b328f43ccacb22311b9a2d12c2c1|1 new commit> by Grace Zheng",
                "text": "`<https:\/\/github.com\/Pancrisp\/SEPT-Copsicus\/commit\/ef5cade7c835b328f43ccacb22311b9a2d12c2c1|ef5cade>` view roster shows future 7 days - Grace Zheng",
                "pretext": "<https:\/\/github.com\/Pancrisp\/SEPT-Copsicus\/tree\/dev|[SEPT-Copsicus:dev]> 1 new commit by Grace Zheng:",
                "id": 1,
                "color": "4183C4",
                "mrkdwn_in": [
                    "text",
                    "pretext"
                ]
            }
        ],
        "type": "message",
        "subtype": "bot_message",
        "ts": "1491737793.234579"
    },
    {
        "text": "",
        "bot_id": "B4AQDEYNL",
        "attachments": [
            {
                "fallback": "<https:\/\/github.com\/Pancrisp\/SEPT-Copsicus\/tree\/master|[SEPT-Copsicus:master]> <https:\/\/github.com\/Pancrisp\/SEPT-Copsicus\/compare\/229f05f91edb...6b6db651328d|2 new commits> by Ervin Chua and 1 other",
                "text": "`<https:\/\/github.com\/Pancrisp\/SEPT-Copsicus\/commit\/691211dc3d44ee8269aedd3d118ccaf8b5b33e4a|691211d>` Revert \"Update README.md\" - Ervin Chua\n `<https:\/\/github.com\/Pancrisp\/SEPT-Copsicus\/commit\/6b6db651328d24c917854b0f6ed4c7cba0c2df74|6b6db65>` Merge remote-tracking branch 'origin\/master' - Ervin",
                "pretext": "<https:\/\/github.com\/Pancrisp\/SEPT-Copsicus\/tree\/master|[SEPT-Copsicus:master]> <https:\/\/github.com\/Pancrisp\/SEPT-Copsicus\/compare\/229f05f91edb...6b6db651328d|2 new commits> by Ervin Chua and 1 other:",
                "id": 1,
                "color": "4183C4",
                "mrkdwn_in": [
                    "text",
                    "pretext"
                ]
            }
        ],
        "type": "message",
        "subtype": "bot_message",
        "ts": "1491739673.292060"
    },
    {
        "text": "",
        "bot_id": "B4AQDEYNL",
        "attachments": [
            {
                "fallback": "<https:\/\/github.com\/Pancrisp\/SEPT-Copsicus\/tree\/dev|[SEPT-Copsicus:dev]> <https:\/\/github.com\/Pancrisp\/SEPT-Copsicus\/commit\/ff4378a0bc80d67063fc6e30710970c6c6467b7f|1 new commit> by Ervin",
                "text": "`<https:\/\/github.com\/Pancrisp\/SEPT-Copsicus\/commit\/ff4378a0bc80d67063fc6e30710970c6c6467b7f|ff4378a>` Minor CSS fixes and changes to customer's dashboard - Ervin",
                "pretext": "<https:\/\/github.com\/Pancrisp\/SEPT-Copsicus\/tree\/dev|[SEPT-Copsicus:dev]> 1 new commit by Ervin:",
                "id": 1,
                "color": "4183C4",
                "mrkdwn_in": [
                    "text",
                    "pretext"
                ]
            }
        ],
        "type": "message",
        "subtype": "bot_message",
        "ts": "1491743423.417404"
    }
]