[
    {
        "text": "",
        "bot_id": "B4AQDEYNL",
        "attachments": [
            {
                "fallback": "<https:\/\/github.com\/Pancrisp\/SEPT-Copsicus\/tree\/dev|[SEPT-Copsicus:dev]> <https:\/\/github.com\/Pancrisp\/SEPT-Copsicus\/compare\/08c52c5963a7...8f606b0acc19|6 new commits> by rmit-s3568672-paulo-zeballos",
                "text": "`<https:\/\/github.com\/Pancrisp\/SEPT-Copsicus\/commit\/3212adc5b3d2c74c626e2140145e322adc178738|3212adc>` modigied appServiceProvider to register Dusk provider - rmit-s3568672-paulo-zeballos\n `<https:\/\/github.com\/Pancrisp\/SEPT-Copsicus\/commit\/ec3a42bc2fbf50130f589ecb300c9ac9a8902688|ec3a42b>` added registration test and refactored login test - rmit-s3568672-paulo-zeballos\n `<https:\/\/github.com\/Pancrisp\/SEPT-Copsicus\/commit\/d0207148b6b9923a49e03472f5a681d20ace14c4|d020714>` Merge branch 'dev' of <https:\/\/github.com\/Pancrisp\/SEPT-Copsicus> into dev - rmit-s3568672-paulo-zeballos\n `<https:\/\/github.com\/Pancrisp\/SEPT-Copsicus\/commit\/3a595dce72d8b7efe41bd92c467b7bca34e4b8bd|3a595dc>` modified customer factory to suit requirements - rmit-s3568672-paulo-zeballos\n `<https:\/\/github.com\/Pancrisp\/SEPT-Copsicus\/commit\/c825858d0492a53f856e7f7b018473e68495386b|c825858>` added @group to tests - rmit-s3568672-paulo-zeballos\n `<https:\/\/github.com\/Pancrisp\/SEPT-Copsicus\/commit\/8f606b0acc199f809485f9efa9fb68f816036cc8|8f606b0>` changed type to signup button to 'submit' - rmit-s3568672-paulo-zeballos",
                "pretext": "<https:\/\/github.com\/Pancrisp\/SEPT-Copsicus\/tree\/dev|[SEPT-Copsicus:dev]> <https:\/\/github.com\/Pancrisp\/SEPT-Copsicus\/compare\/08c52c5963a7...8f606b0acc19|6 new commits> by rmit-s3568672-paulo-zeballos:",
                "id": 1,
                "color": "4183C4",
                "mrkdwn_in": [
                    "text",
                    "pretext"
                ]
            }
        ],
        "type": "message",
        "subtype": "bot_message",
        "ts": "1491203175.037358"
    },
    {
        "text": "",
        "bot_id": "B4AQDEYNL",
        "attachments": [
            {
                "fallback": "<https:\/\/github.com\/Pancrisp\/SEPT-Copsicus\/tree\/dev|[SEPT-Copsicus:dev]> <https:\/\/github.com\/Pancrisp\/SEPT-Copsicus\/compare\/8f606b0acc19...3d440e3f8f94|2 new commits> by Ervin",
                "text": "`<https:\/\/github.com\/Pancrisp\/SEPT-Copsicus\/commit\/f76b934fc5f583664deb8081e24a2b1dc99a3cc8|f76b934>` Add search functionality to view bookings in customer dashboard - Ervin\n `<https:\/\/github.com\/Pancrisp\/SEPT-Copsicus\/commit\/3d440e3f8f94743427b15731a530fe7e22967d75|3d440e3>` Merge branch 'dev' of <https:\/\/github.com\/Pancrisp\/SEPT-Copsicus> into dev - Ervin",
                "pretext": "<https:\/\/github.com\/Pancrisp\/SEPT-Copsicus\/tree\/dev|[SEPT-Copsicus:dev]> <https:\/\/github.com\/Pancrisp\/SEPT-Copsicus\/compare\/8f606b0acc19...3d440e3f8f94|2 new commits> by Ervin:",
                "id": 1,
                "color": "4183C4",
                "mrkdwn_in": [
                    "text",
                    "pretext"
                ]
            }
        ],
        "type": "message",
        "subtype": "bot_message",
        "ts": "1491204489.214298"
    },
    {
        "text": "",
        "bot_id": "B4AQDEYNL",
        "attachments": [
            {
                "fallback": "<https:\/\/github.com\/Pancrisp\/SEPT-Copsicus\/tree\/dev|[SEPT-Copsicus:dev]> <https:\/\/github.com\/Pancrisp\/SEPT-Copsicus\/commit\/cde6cf5218c4f40c2525d27e29c9a6a639f15f17|1 new commit> by rmit-s3568672-paulo-zeballos",
                "text": "`<https:\/\/github.com\/Pancrisp\/SEPT-Copsicus\/commit\/cde6cf5218c4f40c2525d27e29c9a6a639f15f17|cde6cf5>` added test for business owner, employee and customer - rmit-s3568672-paulo-zeballos",
                "pretext": "<https:\/\/github.com\/Pancrisp\/SEPT-Copsicus\/tree\/dev|[SEPT-Copsicus:dev]> 1 new commit by rmit-s3568672-paulo-zeballos:",
                "id": 1,
                "color": "4183C4",
                "mrkdwn_in": [
                    "text",
                    "pretext"
                ]
            }
        ],
        "type": "message",
        "subtype": "bot_message",
        "ts": "1491260248.169628"
    },
    {
        "text": "",
        "bot_id": "B4AQDEYNL",
        "attachments": [
            {
                "fallback": "<https:\/\/github.com\/Pancrisp\/SEPT-Copsicus\/tree\/dev|[SEPT-Copsicus:dev]> <https:\/\/github.com\/Pancrisp\/SEPT-Copsicus\/compare\/cde6cf5218c4...4efbaae5a054|5 new commits> by Grace Zheng",
                "text": "`<https:\/\/github.com\/Pancrisp\/SEPT-Copsicus\/commit\/1c89193f8dc7998a07a0d0dc83e9ac4782d5cce8|1c89193>` fixed booking seeder - Grace Zheng\n `<https:\/\/github.com\/Pancrisp\/SEPT-Copsicus\/commit\/3fd383f9d73724e13e0c0b0b37544828c3bbaa85|3fd383f>` fixed indentation - Grace Zheng\n `<https:\/\/github.com\/Pancrisp\/SEPT-Copsicus\/commit\/a9bdddf83613e8262b9bcaf88d2f243a91c43df0|a9bdddf>` usertype is assigned according to username or email - Grace Zheng\n `<https:\/\/github.com\/Pancrisp\/SEPT-Copsicus\/commit\/add5e996fcba35c7dfc2598e6f27794bd811d91c|add5e99>` added employee and roster table, implemented add new staff - Grace Zheng\n `<https:\/\/github.com\/Pancrisp\/SEPT-Copsicus\/commit\/4efbaae5a0544351668337447ddea7b9234698f1|4efbaae>` implemented add working time - Grace Zheng",
                "pretext": "<https:\/\/github.com\/Pancrisp\/SEPT-Copsicus\/tree\/dev|[SEPT-Copsicus:dev]> <https:\/\/github.com\/Pancrisp\/SEPT-Copsicus\/compare\/cde6cf5218c4...4efbaae5a054|5 new commits> by Grace Zheng:",
                "id": 1,
                "color": "4183C4",
                "mrkdwn_in": [
                    "text",
                    "pretext"
                ]
            }
        ],
        "type": "message",
        "subtype": "bot_message",
        "ts": "1491265287.812171"
    },
    {
        "text": "",
        "bot_id": "B4AQDEYNL",
        "attachments": [
            {
                "fallback": "<https:\/\/github.com\/Pancrisp\/SEPT-Copsicus\/tree\/dev|[SEPT-Copsicus:dev]> <https:\/\/github.com\/Pancrisp\/SEPT-Copsicus\/commit\/7c6d1e717e92d9a0dfaa18459f8221e9a3ebdd2d|1 new commit> by Ervin",
                "text": "`<https:\/\/github.com\/Pancrisp\/SEPT-Copsicus\/commit\/7c6d1e717e92d9a0dfaa18459f8221e9a3ebdd2d|7c6d1e7>` Added styling to booking summary page - Ervin",
                "pretext": "<https:\/\/github.com\/Pancrisp\/SEPT-Copsicus\/tree\/dev|[SEPT-Copsicus:dev]> 1 new commit by Ervin:",
                "id": 1,
                "color": "4183C4",
                "mrkdwn_in": [
                    "text",
                    "pretext"
                ]
            }
        ],
        "type": "message",
        "subtype": "bot_message",
        "ts": "1491281859.478745"
    }
]