[
    {
        "type": "message",
        "user": "U4B7HTH1Q",
        "text": "<!channel>\nHey guys, CSIT is having an event with Atlassian next week, would be great to have you guys come along as well!\nYou can register here - <https:\/\/www.eventbrite.com\/e\/csit-presents-atlassian-guest-speakers-growth-hacking-grad-recruitment-tickets-32488170994>",
        "attachments": [
            {
                "service_name": "Eventbrite",
                "title": "CSIT presents Atlassian - Guest Speakers, Growth Hacking &amp; Grad Recruitment",
                "title_link": "https:\/\/www.eventbrite.com\/e\/csit-presents-atlassian-guest-speakers-growth-hacking-grad-recruitment-tickets-32488170994",
                "text": "Come along and join us to hear more about Atlassian, both at a global scale and what working in the Sydney office is like. Speakers from Atlassian will include:Andrew Hammond - Graduate RecruiterMichael James - Senior Software Developer Clare Ford - Graduate Software Developer, speaking about her experiences as a new addition to the team. The RMIT CSIT Society Industry Liaison Manager Julian A. Wise says that you'll be able to ask them questions relating to listing on the NASDAQ, Scaling the Growth of the company, and hear from developers who've joined Atlassian as grads about what their day-to-day roles involve. He continues: \"Being a $6.46bn company they will have a broad range of roles extending beyond pure software which young graduates could fulfill, from Communications to Business etc. Tonight we will be sharing the information with Executives of other Student Societies in our executive FB group inviting their members to partake in the event.\"",
                "fallback": "Eventbrite: CSIT presents Atlassian - Guest Speakers, Growth Hacking &amp; Grad Recruitment",
                "image_url": "https:\/\/img.evbuc.com\/https%3A%2F%2Fcdn.evbuc.com%2Fimages%2F28860784%2F138814528067%2F1%2Foriginal.jpg?w=1000&rect=0%2C0%2C1400%2C700&s=7e987f506e02b6ba3cc11e14a41bfeef",
                "fields": [
                    {
                        "title": "Where",
                        "value": "445 Swanston Street, Melbourne, VIC 3000, Australia",
                        "short": true
                    },
                    {
                        "title": "When",
                        "value": "Tue, Mar 7, 2017 at 6:00 PM",
                        "short": true
                    }
                ],
                "from_url": "https:\/\/www.eventbrite.com\/e\/csit-presents-atlassian-guest-speakers-growth-hacking-grad-recruitment-tickets-32488170994",
                "image_width": 500,
                "image_height": 250,
                "image_bytes": 24710,
                "service_icon": "https:\/\/cdn.evbstatic.com\/s3-build\/perm_001\/1aab42\/django\/images\/touch_icons\/apple-touch-icon-57x57.png",
                "id": 1
            }
        ],
        "ts": "1488442635.355533"
    },
    {
        "type": "message",
        "user": "U4BBG61A8",
        "text": "Booked in! Thanks for the info",
        "ts": "1488447477.604783"
    },
    {
        "type": "message",
        "user": "U4BU0EJQ7",
        "text": "Damn, my lecture ends at 6.30pm",
        "ts": "1488448609.669242"
    },
    {
        "type": "message",
        "user": "U4BU0EJQ7",
        "text": "Is it alright if I arrive late?",
        "ts": "1488448625.670167"
    },
    {
        "type": "message",
        "user": "U4BBG61A8",
        "text": "Leave the lecture earlier",
        "ts": "1488448660.672109"
    },
    {
        "type": "message",
        "user": "U4BU0EJQ7",
        "text": "anyway, booked in! Thanks a lot",
        "ts": "1488448667.672496"
    },
    {
        "type": "message",
        "user": "U4B7HTH1Q",
        "text": "It starts at 6:30",
        "ts": "1488448673.672763"
    },
    {
        "type": "message",
        "user": "U4BU0EJQ7",
        "text": "yea, might just do that",
        "ts": "1488448677.672968"
    },
    {
        "type": "message",
        "user": "U4B7HTH1Q",
        "text": "I made a correction to the time",
        "ts": "1488448683.673275"
    },
    {
        "type": "message",
        "user": "U4BU0EJQ7",
        "text": "Haha I see",
        "ts": "1488448690.673587"
    },
    {
        "type": "message",
        "user": "U4BU0EJQ7",
        "text": "Cool, added to the calendar. See you guys there!",
        "ts": "1488448784.678689"
    },
    {
        "type": "message",
        "user": "U4BU0EJQ7",
        "text": "btw, do u guys wanna meet up this weekend? :slightly_smiling_face:",
        "ts": "1488448806.680058"
    },
    {
        "type": "message",
        "user": "U4BU0EJQ7",
        "text": "<!channel> meet-up meet-up?",
        "ts": "1488448868.683969"
    },
    {
        "type": "message",
        "user": "U4B7HTH1Q",
        "text": "Sure",
        "ts": "1488495890.204905"
    },
    {
        "type": "message",
        "user": "U4B7HTH1Q",
        "text": "Whereabouts, do you guys wanna do it online only since it's week 1",
        "ts": "1488495950.210048"
    },
    {
        "type": "message",
        "user": "U4B7HTH1Q",
        "text": "We just have to go over the app we're designing, it's scope and the division of tasks for each member",
        "edited": {
            "user": "U4B7HTH1Q",
            "ts": "1488496032.000000"
        },
        "ts": "1488495991.213340"
    },
    {
        "type": "message",
        "user": "U4B7HTH1Q",
        "text": "that's pretty much it for week 1, then we can get to work",
        "ts": "1488496011.214997"
    },
    {
        "type": "message",
        "user": "U4BBG61A8",
        "text": "Online sounds right to me",
        "ts": "1488496018.215717"
    },
    {
        "type": "message",
        "user": "U4B7HTH1Q",
        "text": "Alright then, we'll see what Grace thinks",
        "ts": "1488496052.218835"
    },
    {
        "type": "message",
        "user": "U4BBG61A8",
        "text": "Ok",
        "ts": "1488496069.220421"
    },
    {
        "type": "message",
        "user": "U4B7HTH1Q",
        "text": "Hmm, does slack have voice chat haha",
        "ts": "1488496075.220943"
    },
    {
        "type": "message",
        "user": "U4B7HTH1Q",
        "text": "I really hate Skype lol",
        "ts": "1488496082.221424"
    },
    {
        "type": "message",
        "user": "U4B7HTH1Q",
        "text": "Oooh, there's a voice call function!",
        "ts": "1488496117.224367"
    },
    {
        "type": "message",
        "user": "U4B7HTH1Q",
        "text": "Damn, group call is only available for paid teams :disappointed:",
        "ts": "1488496173.229442"
    },
    {
        "type": "message",
        "user": "U4BBG61A8",
        "text": "I can imagine",
        "ts": "1488496216.232880"
    },
    {
        "type": "message",
        "user": "U4BBG61A8",
        "text": "They need to profit somehow",
        "ts": "1488496245.235394"
    },
    {
        "type": "message",
        "user": "U4BBG61A8",
        "text": "Such a great tool anyway",
        "ts": "1488496257.236298"
    },
    {
        "type": "message",
        "user": "U4BBG61A8",
        "text": "If is not skype",
        "ts": "1488496277.237793"
    },
    {
        "type": "message",
        "user": "U4BBG61A8",
        "text": "Maybe facebook messenger ",
        "ts": "1488496290.238834"
    },
    {
        "type": "message",
        "user": "U4BBG61A8",
        "text": "Not sure ",
        "ts": "1488496296.239334"
    },
    {
        "type": "message",
        "user": "U4B7HTH1Q",
        "text": "yeah that works for me",
        "ts": "1488496298.239536"
    },
    {
        "type": "message",
        "user": "U4BBG61A8",
        "text": "A few options out there",
        "ts": "1488496308.240399"
    },
    {
        "type": "message",
        "user": "U4BBG61A8",
        "text": "You can find me as Paulo Zeballos ",
        "ts": "1488496369.245659"
    },
    {
        "type": "message",
        "user": "U4BBG61A8",
        "text": "My photo a sad guy with a beard and a hoody",
        "ts": "1488496404.248347"
    },
    {
        "type": "message",
        "user": "U4BBG61A8",
        "text": "In front of a doorway ",
        "ts": "1488496511.257243"
    },
    {
        "type": "message",
        "user": "U4B7HTH1Q",
        "text": "yeah think I got it",
        "ts": "1488496521.257938"
    },
    {
        "type": "message",
        "user": "U4BBG61A8",
        "text": "Great",
        "ts": "1488496578.262716"
    },
    {
        "type": "message",
        "user": "U4BU0EJQ7",
        "text": "Yup online is cool",
        "ts": "1488497083.300724"
    },
    {
        "type": "message",
        "user": "U4BU0EJQ7",
        "text": "I just thought we need discussion to get started",
        "ts": "1488497102.301951"
    },
    {
        "type": "message",
        "user": "U4BU0EJQ7",
        "text": "I hate Skype too",
        "ts": "1488497112.302566"
    },
    {
        "type": "message",
        "user": "U4BBG61A8",
        "text": "Come on! Its not that bad. I use it every time  to talk to my family in Peru. ",
        "ts": "1488497169.306794"
    },
    {
        "type": "message",
        "user": "U4BU0EJQ7",
        "text": "Not sure if Facebook messager has group chat function ",
        "ts": "1488497287.316250"
    },
    {
        "type": "message",
        "user": "U4BU0EJQ7",
        "text": "Hopefully it does",
        "ts": "1488497292.316584"
    },
    {
        "type": "message",
        "user": "U4B7HTH1Q",
        "text": "it does I've used it before",
        "ts": "1488497446.328982"
    },
    {
        "type": "message",
        "user": "U4BU0EJQ7",
        "text": "Awesome",
        "ts": "1488497611.341435"
    }
]