[
    {
        "user": "U4BU0EJQ7",
        "text": "<@U4BU0EJQ7|grace_s3558319> has joined the channel",
        "type": "message",
        "subtype": "channel_join",
        "ts": "1488257433.893110"
    },
    {
        "user": "U4BU0EJQ7",
        "purpose": "random chat",
        "text": "<@U4BU0EJQ7|grace_s3558319> set the channel purpose: random chat",
        "type": "message",
        "subtype": "channel_purpose",
        "ts": "1488257434.893137"
    },
    {
        "user": "U4B7HTH1Q",
        "inviter": "U4BU0EJQ7",
        "text": "<@U4B7HTH1Q|ervin_s3577844> has joined the channel",
        "type": "message",
        "subtype": "channel_join",
        "ts": "1488257434.893138"
    },
    {
        "user": "U4BBG61A8",
        "inviter": "U4BU0EJQ7",
        "text": "<@U4BBG61A8|paulo_zebflo> has joined the channel",
        "type": "message",
        "subtype": "channel_join",
        "ts": "1488265181.119803"
    },
    {
        "type": "message",
        "user": "U4BU0EJQ7",
        "text": "Wanna learn webhook&gt;&lt;",
        "ts": "1488265237.121917"
    },
    {
        "type": "message",
        "user": "U4B7HTH1Q",
        "text": "Yeah, it's some pretty cool stuff. Functions like a bot that pulls messages from other services.",
        "ts": "1488265376.126604"
    },
    {
        "type": "message",
        "user": "U4BU0EJQ7",
        "text": "I coded a bot previously for the site I was working at, but have no idea how to pull info from other services",
        "ts": "1488265463.130914"
    }
]